# Blender 3.6.12
# www.blender.org
mtllib Fonk-Bike.mtl
o Fonk-Frame
g Fonk-Frame
v 0.530627 0.707427 0.000000
v 0.487770 0.837236 -0.201425
v -0.661063 0.703073 -0.129868
v 0.457786 0.873463 -0.255070
v -0.744735 0.839094 -0.129868
v 0.569830 0.565636 -0.129868
v 0.140567 1.762396 -0.129868
v -0.661063 0.703073 0.000000
v -1.195677 2.232492 -0.127656
v -0.933944 1.495508 -0.129868
v -0.038402 0.636349 -0.129868
v -0.490229 2.032829 -0.129868
v 0.301731 1.227861 -0.128830
v 0.584259 0.569626 0.000000
v 0.097657 1.790585 0.000000
v 0.134165 1.614720 -0.107484
v -1.059242 2.416905 -0.127656
v -0.445887 0.680015 -0.127656
v -0.737179 2.295486 0.000000
v -0.086818 0.636349 0.000000
v -0.933944 1.495508 -0.127656
v 0.315216 1.231590 0.000000
v -0.290058 1.386074 -0.129868
v -0.933944 1.495508 0.000000
v -0.445887 0.680015 -0.129868
v 0.301731 1.227860 -0.107484
v -1.132870 2.402429 -0.129662
v -0.038402 0.636349 -0.127656
v -1.059242 2.416905 0.000000
v -0.445887 0.680015 0.000000
v 0.034509 1.863495 -0.108790
v -0.752456 1.487171 -0.129868
v 0.140567 1.762396 -0.107484
v -1.097454 2.246405 -0.140254
v 0.134165 1.614720 -0.129868
v -0.661063 0.703073 -0.127656
v 0.569830 0.565636 -0.127656
v 0.177075 1.586530 0.000000
v -0.286189 1.770814 -0.129868
v -1.195677 2.232492 0.000000
v -0.985494 2.309632 -0.129662
v -0.087748 0.795784 -0.129868
v -0.744735 0.839094 -0.127656
v -0.744735 0.839094 0.000000
v -0.558719 0.853608 -0.129868
v 0.290358 1.278143 -0.213433
v -0.836078 1.155983 -0.127656
v -0.836078 1.155983 0.000000
v -0.652247 1.159466 -0.129868
v 0.943933 1.638593 -0.137304
v 0.942859 1.561968 -0.137304
v 0.951172 1.564285 -0.198212
v 0.943933 1.638593 -0.198212
v 0.426635 0.960471 0.000000
v 0.435806 0.965453 -0.201425
v 0.405821 1.001680 -0.255070
v -0.836078 1.155983 -0.129868
v 1.331399 0.711662 -0.273458
v 1.331399 0.711662 -0.152870
v 1.279434 0.839879 -0.152870
v 1.279434 0.839879 -0.273458
v 1.084969 0.747418 -0.273458
v 1.084969 0.747418 -0.152870
v 1.001407 0.828376 -0.271752
v 1.001261 0.829430 -0.206062
v 1.264218 0.721410 -0.273458
v 1.122142 0.886598 -0.271868
v 1.121997 0.887652 -0.206179
v 1.264218 0.721410 -0.152870
v 0.820627 1.588168 -0.185367
v 0.820773 1.587114 -0.251056
v 0.941509 1.645337 -0.251173
v 0.941363 1.646391 -0.185484
v 0.695119 1.671823 -0.206571
v 0.692406 1.564872 -0.206571
v 0.702418 1.587820 -0.128318
v 0.705496 1.675999 -0.128318
v 0.797997 1.656089 -0.202772
v 0.780595 1.510733 -0.202772
v 0.802452 1.526410 -0.132621
v 0.822191 1.658153 -0.132621
v 0.403120 0.989503 -0.194683
v 0.337957 1.029506 -0.197490
v 0.374277 0.935172 -0.141797
v 0.300362 0.980548 -0.138617
v -0.975038 1.625468 -0.129868
v 0.290319 1.278248 -0.128768
v 0.288513 1.300199 0.000000
v -0.263255 1.491378 -0.129868
v -0.975038 1.625468 0.000000
v 0.292048 1.277112 -0.104147
v -0.775627 1.573602 -0.129868
v -0.975038 1.625468 -0.127656
v 0.531135 1.267192 -0.187154
v 0.533778 1.207135 -0.183808
v 0.532002 1.266623 -0.155111
v 0.533778 1.207135 -0.151749
v 1.482594 1.692055 -0.137304
v 1.499144 1.620851 -0.137304
v 1.499144 1.620851 -0.198212
v 1.482594 1.692055 -0.198212
v 1.371809 1.697710 -0.198212
v 1.416783 1.640147 -0.137304
v 1.366854 1.740982 -0.198212
v 1.384345 1.681497 -0.137304
v 1.482594 1.692055 0.000000
v 1.499144 1.620851 0.000000
v 1.391584 1.638225 0.000000
v 1.384345 1.681497 0.000000
v 0.943933 1.638593 0.000000
v 0.942859 1.561968 0.000000
v 1.416783 1.640147 0.000000
v 1.384345 1.681497 0.000000
v 1.400991 1.514902 -0.137304
v 0.968038 1.500990 -0.137304
v 1.400991 1.562497 0.000000
v 0.968038 1.548585 0.000000
v 1.273432 1.595679 -0.137304
v 0.087782 1.666745 -0.137305
v 1.290923 1.655164 -0.198212
v 1.285968 1.729472 -0.198212
v 1.273432 1.595679 0.000000
v 1.266193 1.669987 0.000000
v 1.278244 1.546281 -0.137304
v 1.278244 1.593876 0.000000
v 1.522374 1.623878 0.000000
v 1.522374 1.623878 -0.137304
v 1.469582 1.556805 0.000000
v 1.469582 1.509210 -0.137304
v 1.635829 1.571644 0.000000
v 1.635829 1.571644 -0.137304
v 1.662970 1.529088 0.000000
v 1.583037 1.456976 -0.137304
v 1.797819 1.548176 0.000000
v 1.797819 1.548176 -0.158346
v 1.752617 1.512850 0.000000
v 1.672684 1.440738 -0.158346
v 0.805498 1.505028 -0.129268
v 0.798434 1.495226 0.000000
v 0.839602 1.439111 -0.129268
v 0.829824 1.481279 0.000000
v 0.609047 1.342702 -0.129268
v 0.613573 1.326318 0.000000
v 0.675078 1.286083 -0.129268
v 0.666056 1.328462 0.000000
v 0.505833 1.164275 -0.129268
v 0.520976 1.179000 0.000000
v 0.594704 1.137639 -0.129268
v 0.600898 1.207335 0.000000
v 1.384345 1.681497 -0.068652
v 1.416783 1.640147 -0.068652
v 0.087782 1.666745 0.000000
v 0.942859 1.561968 -0.068652
v 1.400991 1.562497 -0.068652
v 0.968038 1.548585 -0.068652
v 1.278244 1.593876 -0.068652
v 0.087782 1.666745 -0.068653
v 1.522374 1.623878 -0.068652
v 1.469582 1.556805 -0.068652
v 1.635829 1.571644 -0.068652
v 1.662970 1.529088 -0.068652
v 1.797819 1.548176 -0.079173
v 1.752617 1.512850 -0.079173
v 0.801966 1.500127 -0.064634
v 0.834713 1.483992 -0.064634
v 0.611310 1.334510 -0.064634
v 0.670567 1.331070 -0.064634
v 0.513404 1.171637 -0.064634
v 0.597801 1.196285 -0.064634
v 0.894512 1.821753 -0.196669
v 0.951403 1.746115 -0.196669
v 0.894512 1.821753 -0.198212
v 1.435186 1.795568 -0.198212
v 1.435186 1.795568 -0.137304
v 1.336452 1.799546 -0.198212
v 1.217890 1.805503 -0.137304
v 1.217890 1.805503 -0.198212
v 1.336452 1.799546 -0.137304
v 1.435186 1.795568 0.000000
v 1.336452 1.799546 0.000000
v 0.894512 1.821753 0.000000
v 0.882202 1.746116 0.000000
v 1.217890 1.805503 0.000000
v 1.336452 1.799546 -0.068652
v 1.336452 1.799546 0.000000
v 0.894512 1.821753 -0.128017
v 0.307993 1.639762 -0.068652
v 1.217890 1.805503 -0.068652
v 0.066280 1.850893 -0.167556
v 0.027126 1.850893 -0.068653
v 0.078590 1.926530 -0.167556
v 0.039435 1.926530 0.000000
v 0.027125 1.850893 0.000000
v 0.039435 1.926530 -0.128018
v 0.307993 1.639762 0.000000
v 0.259646 1.899547 0.000000
v 0.259646 1.899547 -0.128017
v 0.259646 1.899547 -0.196669
v 0.247336 1.823910 0.000000
v 0.307993 1.639762 -0.137304
v 0.247336 1.823910 -0.196669
v 1.277101 1.669409 -0.235843
v 1.367185 1.684819 -0.235843
v 1.295396 1.741600 -0.235843
v 1.375872 1.727499 -0.235843
v 1.390605 2.443027 -0.198151
v 1.471492 2.454538 -0.198151
v 1.397590 2.431045 -0.224547
v 1.466189 2.423833 -0.225633
v 1.471371 2.388156 -0.235049
v 1.480810 2.410412 -0.177698
v 1.390896 2.402256 -0.235049
v 1.381467 2.390129 -0.197418
v 1.416589 2.492865 0.000000
v 1.497475 2.504375 0.000000
v 1.407451 2.439966 0.000000
v 1.488337 2.451476 0.000000
v 1.416907 2.490631 -0.117414
v 1.497793 2.502141 -0.117414
v 1.488655 2.449242 -0.117001
v 1.407769 2.437732 -0.117001
v 1.468317 2.328340 -0.206351
v 1.437805 2.151709 -0.203903
v 1.407293 1.975079 -0.201456
v 1.416311 1.961596 -0.239087
v 1.446823 2.138227 -0.241534
v 1.477335 2.314857 -0.243982
v 1.335836 1.975696 -0.239087
v 1.366348 2.152327 -0.241534
v 1.396860 2.328958 -0.243982
v 1.326407 1.963569 -0.201456
v 1.356919 2.140199 -0.203903
v 1.387431 2.316830 -0.206351
v -0.820079 2.235495 -0.129868
v -0.820079 2.235495 0.000000
v -0.296944 0.664054 -0.127656
v 0.211002 1.449136 -0.213992
v -0.296944 0.664054 -0.129868
v -0.820079 2.235495 -0.127656
v -0.345360 0.664054 0.000000
v -0.578089 1.841118 -0.129868
v -0.344510 0.832473 -0.129868
v -0.134996 1.703491 -0.214533
v 0.134204 1.614616 -0.214533
v -0.392229 2.222781 -0.230400
v -0.016030 1.944903 -0.135350
v -0.638025 2.317684 -0.230400
v -0.009282 1.929938 -0.109812
v -0.027947 1.962885 0.000000
v -0.392229 2.222781 -0.109812
v -0.392229 2.222781 0.000000
v -0.638025 2.317684 0.000000
v -0.638025 2.317684 -0.109812
v 0.062241 1.868129 -0.145640
v 0.002663 1.903765 0.000000
v -0.737179 2.295486 -0.229378
v -0.737179 2.295486 -0.108790
v -0.490659 2.031997 -0.314082
v 0.023198 1.827018 -0.146427
v -0.793120 2.215202 -0.252119
v 0.033838 1.862841 -0.159256
v -0.435691 2.138542 -0.315388
v -0.725561 2.280468 -0.281714
v -0.638456 2.310646 -0.276064
v -0.364076 2.198590 -0.257514
v -0.120794 1.993897 -0.224386
v -0.517996 1.925605 -0.129857
v 0.045086 1.799981 -0.123929
v -0.807639 2.075740 -0.129857
v -0.518357 1.924740 -0.249643
v -0.822240 2.069452 -0.249561
v 0.015736 1.821215 -0.145806
v -0.702347 0.770185 -0.129868
v 0.528500 0.698202 -0.129868
v 0.528500 0.698202 -0.127656
v 0.557797 0.637616 0.000000
v -0.062749 0.715014 -0.129868
v -0.702347 0.770185 -0.127656
v -0.702347 0.770185 0.000000
v -0.468850 0.765665 -0.129868
v -0.320413 0.747151 -0.129868
v -0.744735 0.839094 -0.067469
v -0.661063 0.703073 -0.067469
v 0.120336 1.775686 -0.056808
v -0.086818 0.636349 -0.067469
v 0.308089 1.229619 -0.056808
v -0.445887 0.680015 -0.067469
v -1.195677 2.232492 -0.067469
v -1.059242 2.416905 -0.067469
v -0.933944 1.495508 -0.067469
v 0.154396 1.601429 -0.056808
v 0.576632 0.567517 -0.067469
v 0.507074 0.774491 -0.067469
v -0.836078 1.155983 -0.067469
v 0.430580 0.961562 -0.067469
v -0.975038 1.625468 -0.067469
v 0.290382 1.287997 -0.055044
v -0.820079 2.235495 -0.067469
v -0.345360 0.664054 -0.067469
v -0.024297 1.948925 -0.058038
v -0.392229 2.222781 -0.058038
v -0.638025 2.317684 -0.058038
v 0.019494 1.882482 -0.057498
v -0.737179 2.295486 -0.057498
v -0.702347 0.770185 -0.067469
v 0.542313 0.669637 -0.067469
v 0.137366 1.688558 -0.107484
v 0.137366 1.688558 -0.129868
v 0.137366 1.688558 0.000000
v -0.453694 1.914784 -0.129868
v -1.059182 2.356030 -0.129662
v 0.943396 1.600280 -0.137304
v 0.947552 1.601439 -0.198212
v 0.703957 1.631909 -0.128318
v 0.693763 1.618347 -0.206571
v 0.812321 1.592281 -0.132621
v 0.789296 1.583411 -0.202772
v 1.490869 1.656453 -0.137304
v 1.490869 1.656453 -0.198212
v 1.400564 1.660822 -0.137304
v 1.369332 1.719346 -0.198212
v 1.490869 1.656453 0.000000
v 1.387964 1.659861 0.000000
v 0.943396 1.600280 0.000000
v 1.400564 1.660822 0.000000
v 1.269813 1.632833 0.000000
v 1.288445 1.692318 -0.198212
v 1.400564 1.660822 -0.068652
v 0.922958 1.783934 -0.196669
v 0.888357 1.783934 0.000000
v 0.072435 1.888712 -0.167556
v 0.033280 1.888712 0.000000
v 0.033280 1.888712 -0.098335
v 0.253491 1.861728 -0.196669
v 0.253491 1.861728 0.000000
v 1.371528 1.706159 -0.235843
v 1.286249 1.705504 -0.235843
v -0.741988 2.059758 -0.129868
v 0.137366 1.688558 -0.056808
v 1.201885 0.762987 -0.132517
v 1.119284 0.774973 -0.132517
v 1.097066 0.814810 -0.132517
v 1.176210 0.841321 -0.132517
v 1.160017 0.790915 0.000000
v 1.142333 0.793481 0.000000
v 1.137576 0.802009 0.000000
v 1.154520 0.807685 0.000000
v -0.167437 1.894442 -0.129868
v 0.272843 0.600164 -0.129868
v 0.280226 0.602205 0.000000
v 0.272843 0.600164 -0.127656
v 0.012773 1.305113 -0.129337
v -0.135035 1.703596 -0.129868
v 0.205884 0.815502 -0.129868
v 0.131603 1.020257 -0.129868
v -0.005063 1.369657 -0.129305
v -0.196267 2.072927 -0.171867
v -0.212563 2.093534 0.000000
v -0.196267 2.072927 -0.109812
v -0.167868 1.893611 -0.255549
v -0.169227 2.063312 -0.228087
v -0.195423 1.997460 -0.256855
v -0.184850 1.839134 -0.179798
v -0.185211 1.838270 -0.254929
v 0.239805 0.706411 -0.129868
v -0.203950 2.082643 -0.058038
v 0.276324 0.601126 -0.067469
v -0.151236 1.799019 -0.129868
v -0.886362 1.330432 -0.129868
v 0.366088 1.098859 -0.129335
v 0.366088 1.098859 -0.117292
v 0.369388 1.099772 0.000000
v -0.239180 1.237627 -0.129868
v -0.886362 1.330432 -0.127656
v -0.886362 1.330432 0.000000
v -0.703735 1.327842 -0.129868
v 0.137405 1.688453 -0.214533
v -0.886362 1.330432 -0.067469
v 0.367644 1.099290 -0.061992
v 0.070548 1.166616 -0.129595
v -1.037249 1.941024 -0.135146
v 0.210963 1.449240 -0.129327
v 0.231881 1.445710 0.000000
v -0.274910 1.633386 -0.129868
v -1.087165 1.933953 0.000000
v 0.211813 1.448682 -0.105843
v -0.804091 1.732528 -0.129797
v -1.087165 1.933953 -0.127656
v -0.678752 1.776868 -0.129834
v -1.087165 1.933953 -0.067469
v 0.221275 1.447281 -0.055940
v -0.652242 1.159484 -0.304661
v -0.558714 0.853626 -0.304661
v -0.185409 1.080769 -0.304661
v -0.087742 0.795802 -0.304661
v -0.541374 1.450236 -0.304661
v -0.290052 1.386091 -0.304661
v -0.263249 1.491396 -0.304661
v -0.775622 1.573619 -0.304661
v -0.752450 1.487189 -0.304661
v -0.578084 1.841135 -0.304661
v -0.286184 1.770832 -0.304661
v -0.344504 0.832490 -0.304661
v -0.239175 1.237644 -0.304661
v -0.703729 1.327859 -0.304661
v -0.439545 1.130712 -0.304661
v -0.274904 1.633403 -0.304661
v -0.852501 1.732546 -0.304590
v -0.565057 1.534090 -0.304661
v -0.678746 1.776886 -0.304627
v -0.491865 1.294884 -0.304661
v 0.205889 0.815520 -0.304661
v 0.131609 1.020275 -0.304661
v 0.070554 1.166634 -0.304388
v -0.274871 1.633281 -0.214533
v -0.263216 1.491274 -0.214533
v -0.005024 1.369553 -0.213970
v -0.151197 1.798915 -0.214533
v -0.286150 1.770710 -0.214533
v -0.071075 1.539258 -0.214256
v -0.704812 2.164673 -0.129868
v -0.476084 1.816550 -0.129868
v -0.254784 0.819652 -0.129868
v -0.206596 0.654373 -0.127656
v -0.206596 0.654373 -0.129868
v -0.255012 0.654373 0.000000
v -0.552131 2.284520 -0.230400
v -0.552131 2.284520 0.000000
v -0.552131 2.284520 -0.109812
v -0.705243 2.163841 -0.314082
v -0.542573 2.271488 -0.269581
v -0.624265 2.230871 -0.310187
v -0.742765 1.927575 -0.129857
v -0.752390 1.934342 -0.249590
v -0.230372 0.735921 -0.129868
v -0.552131 2.284520 -0.058038
v -0.255012 0.654373 -0.067469
v -0.641243 2.009096 -0.129868
v -0.453549 1.427820 -0.304661
v -0.476079 1.816567 -0.304661
v -0.254778 0.819669 -0.304661
v -0.350737 1.113259 -0.304661
v -0.459590 1.519170 -0.304661
v -0.403562 1.274881 -0.304661
v -0.537623 1.726745 -0.304639
v -0.261616 0.660269 -0.127656
v -0.261616 0.660269 -0.129868
v -0.310032 0.660269 0.000000
v -0.310032 0.660269 -0.067469
v -0.775007 2.207802 -0.129868
v -0.538203 1.831511 -0.129868
v -0.309425 0.827459 -0.129868
v -0.604438 2.304716 -0.230400
v -0.604438 2.304716 0.000000
v -0.604438 2.304716 -0.109812
v -0.757337 2.206970 -0.303353
v -0.600963 2.295334 -0.273529
v -0.685951 2.261074 -0.308486
v -0.816291 1.928220 -0.129857
v -0.828946 1.937483 -0.249572
v -0.285205 0.742760 -0.129868
v -0.604438 2.304716 -0.058038
v -0.702594 2.039948 -0.129868
v -0.507033 1.441471 -0.304661
v -0.538197 1.831528 -0.304661
v -0.309419 0.827477 -0.304661
v -0.404819 1.123888 -0.304661
v -0.523816 1.528256 -0.304661
v -0.457336 1.287062 -0.304661
v -0.623563 1.757280 -0.304631
v 0.487770 0.837236 0.201425
v -0.661063 0.703073 0.129868
v 0.457786 0.873463 0.255070
v -0.744735 0.839094 0.129868
v 0.569830 0.565636 0.129868
v 0.140567 1.762396 0.129868
v -1.195677 2.232492 0.127656
v -0.933944 1.495508 0.129868
v -0.038402 0.636349 0.129868
v -0.490229 2.032829 0.129868
v 0.301731 1.227861 0.128830
v 0.134165 1.614720 0.107484
v -1.059242 2.416905 0.127656
v -0.445887 0.680015 0.127656
v -0.933944 1.495508 0.127656
v -0.290058 1.386074 0.129868
v -0.445887 0.680015 0.129868
v 0.301731 1.227860 0.107484
v -1.132870 2.402429 0.129662
v -0.038402 0.636349 0.127656
v 0.034509 1.863495 0.108790
v -0.752456 1.487171 0.129868
v 0.140567 1.762396 0.107484
v -1.097454 2.246405 0.140254
v 0.134165 1.614720 0.129868
v -0.661063 0.703073 0.127656
v 0.569830 0.565636 0.127656
v -0.286189 1.770814 0.129868
v -0.985494 2.309632 0.129662
v -0.087748 0.795784 0.129868
v -0.744735 0.839094 0.127656
v -0.558719 0.853608 0.129868
v 0.290358 1.278143 0.213433
v -0.836078 1.155983 0.127656
v -0.652247 1.159466 0.129868
v 0.943933 1.638593 0.137304
v 0.942859 1.561968 0.137304
v 0.951172 1.564285 0.198212
v 0.943933 1.638593 0.198212
v 0.435806 0.965453 0.201425
v 0.405821 1.001680 0.255070
v -0.836078 1.155983 0.129868
v 1.331399 0.711662 0.273458
v 1.331399 0.711662 0.152870
v 1.279434 0.839879 0.152870
v 1.279434 0.839879 0.273458
v 1.084969 0.747418 0.273458
v 1.084969 0.747418 0.152870
v 1.001407 0.828376 0.271752
v 1.001261 0.829430 0.206062
v 1.264218 0.721410 0.273458
v 1.122142 0.886598 0.271868
v 1.121997 0.887652 0.206179
v 1.264218 0.721410 0.152870
v 0.820627 1.588168 0.185367
v 0.820773 1.587114 0.251056
v 0.941509 1.645337 0.251173
v 0.941363 1.646391 0.185484
v 0.695119 1.671823 0.206571
v 0.692406 1.564872 0.206571
v 0.702418 1.587820 0.128318
v 0.705496 1.675999 0.128318
v 0.797997 1.656089 0.202772
v 0.780595 1.510733 0.202772
v 0.802452 1.526410 0.132621
v 0.822191 1.658153 0.132621
v 0.403120 0.989503 0.194683
v 0.337957 1.029506 0.197490
v 0.374277 0.935172 0.141797
v 0.300362 0.980548 0.138617
v -0.975038 1.625468 0.129868
v 0.290319 1.278248 0.128768
v -0.263255 1.491378 0.129868
v 0.292048 1.277112 0.104147
v -0.775627 1.573602 0.129868
v -0.975038 1.625468 0.127656
v 0.531135 1.267192 0.187154
v 0.533778 1.207135 0.183808
v 0.532002 1.266623 0.155111
v 0.533778 1.207135 0.151749
v 1.482594 1.692055 0.137304
v 1.499144 1.620851 0.137304
v 1.499144 1.620851 0.198212
v 1.482594 1.692055 0.198212
v 1.371809 1.697710 0.198212
v 1.416783 1.640147 0.137304
v 1.366854 1.740982 0.198212
v 1.384345 1.681497 0.137304
v 1.400991 1.514902 0.137304
v 0.968038 1.500990 0.137304
v 1.273432 1.595679 0.137304
v 0.087782 1.666745 0.137305
v 1.290923 1.655164 0.198212
v 1.285968 1.729472 0.198212
v 1.278244 1.546281 0.137304
v 1.522374 1.623878 0.137304
v 1.469582 1.509210 0.137304
v 1.635829 1.571644 0.137304
v 1.583037 1.456976 0.137304
v 1.797819 1.548176 0.158346
v 1.672684 1.440738 0.158346
v 0.805498 1.505028 0.129268
v 0.839602 1.439111 0.129268
v 0.609047 1.342702 0.129268
v 0.675078 1.286083 0.129268
v 0.505833 1.164275 0.129268
v 0.594704 1.137639 0.129268
v 1.384345 1.681497 0.068652
v 1.416783 1.640147 0.068652
v 0.942859 1.561968 0.068652
v 1.400991 1.562497 0.068652
v 0.968038 1.548585 0.068652
v 1.278244 1.593876 0.068652
v 0.087782 1.666745 0.068653
v 1.522374 1.623878 0.068652
v 1.469582 1.556805 0.068652
v 1.635829 1.571644 0.068652
v 1.662970 1.529088 0.068652
v 1.797819 1.548176 0.079173
v 1.752617 1.512850 0.079173
v 0.801966 1.500127 0.064634
v 0.834713 1.483992 0.064634
v 0.611310 1.334510 0.064634
v 0.670567 1.331070 0.064634
v 0.513404 1.171637 0.064634
v 0.597801 1.196285 0.064634
v 0.894512 1.821753 0.196669
v 0.951403 1.746115 0.196669
v 0.894512 1.821753 0.198212
v 1.435186 1.795568 0.198212
v 1.435186 1.795568 0.137304
v 1.336452 1.799546 0.198212
v 1.217890 1.805503 0.137304
v 1.217890 1.805503 0.198212
v 1.336452 1.799546 0.137304
v 1.336452 1.799546 0.068652
v 0.894512 1.821753 0.128017
v 0.307993 1.639762 0.068652
v 1.217890 1.805503 0.068652
v 0.066280 1.850893 0.167556
v 0.027126 1.850893 0.068653
v 0.078590 1.926530 0.167556
v 0.039435 1.926530 0.128018
v 0.259646 1.899547 0.128017
v 0.259646 1.899547 0.196669
v 0.307993 1.639762 0.137304
v 0.247336 1.823910 0.196669
v 1.277101 1.669409 0.235843
v 1.367185 1.684819 0.235843
v 1.295396 1.741600 0.235843
v 1.375872 1.727499 0.235843
v 1.390605 2.443027 0.198151
v 1.471492 2.454538 0.198151
v 1.397590 2.431045 0.224547
v 1.466189 2.423833 0.225633
v 1.471371 2.388156 0.235049
v 1.480810 2.410412 0.177698
v 1.390896 2.402256 0.235049
v 1.381467 2.390129 0.197418
v 1.416907 2.490631 0.117414
v 1.497793 2.502141 0.117414
v 1.488655 2.449242 0.117001
v 1.407769 2.437732 0.117001
v 1.468317 2.328340 0.206351
v 1.437805 2.151709 0.203903
v 1.407293 1.975079 0.201456
v 1.416311 1.961596 0.239087
v 1.446823 2.138227 0.241534
v 1.477335 2.314857 0.243982
v 1.335836 1.975696 0.239087
v 1.366348 2.152327 0.241534
v 1.396860 2.328958 0.243982
v 1.326407 1.963569 0.201456
v 1.356919 2.140199 0.203903
v 1.387431 2.316830 0.206351
v -0.820079 2.235495 0.129868
v -0.296944 0.664054 0.127656
v 0.211002 1.449136 0.213992
v -0.296944 0.664054 0.129868
v -0.820079 2.235495 0.127656
v -0.578089 1.841118 0.129868
v -0.344510 0.832473 0.129868
v -0.134996 1.703491 0.214533
v 0.134204 1.614616 0.214533
v -0.392229 2.222781 0.230400
v -0.016030 1.944903 0.135350
v -0.638025 2.317684 0.230400
v -0.009282 1.929938 0.109812
v -0.392229 2.222781 0.109812
v -0.638025 2.317684 0.109812
v 0.062241 1.868129 0.145640
v -0.737179 2.295486 0.229378
v -0.737179 2.295486 0.108790
v -0.490659 2.031997 0.314082
v 0.023198 1.827018 0.146427
v -0.793120 2.215202 0.252119
v 0.033838 1.862841 0.159256
v -0.435691 2.138542 0.315388
v -0.725561 2.280468 0.281714
v -0.638456 2.310646 0.276064
v -0.364076 2.198590 0.257514
v -0.120794 1.993897 0.224386
v -0.517996 1.925605 0.129857
v 0.045086 1.799981 0.123929
v -0.807639 2.075740 0.129857
v -0.518357 1.924740 0.249643
v -0.822240 2.069452 0.249561
v 0.015736 1.821215 0.145806
v -0.702347 0.770185 0.129868
v 0.528500 0.698202 0.129868
v 0.528500 0.698202 0.127656
v -0.062749 0.715014 0.129868
v -0.702347 0.770185 0.127656
v -0.468850 0.765665 0.129868
v -0.320413 0.747151 0.129868
v -0.744735 0.839094 0.067469
v -0.661063 0.703073 0.067469
v 0.120336 1.775686 0.056808
v -0.086818 0.636349 0.067469
v 0.308089 1.229619 0.056808
v -0.445887 0.680015 0.067469
v -1.195677 2.232492 0.067469
v -1.059242 2.416905 0.067469
v -0.933944 1.495508 0.067469
v 0.154396 1.601429 0.056808
v 0.576632 0.567517 0.067469
v 0.507074 0.774491 0.067469
v -0.836078 1.155983 0.067469
v 0.430580 0.961562 0.067469
v -0.975038 1.625468 0.067469
v 0.290382 1.287997 0.055044
v -0.820079 2.235495 0.067469
v -0.345360 0.664054 0.067469
v -0.024297 1.948925 0.058038
v -0.392229 2.222781 0.058038
v -0.638025 2.317684 0.058038
v 0.019494 1.882482 0.057498
v -0.737179 2.295486 0.057498
v -0.702347 0.770185 0.067469
v 0.542313 0.669637 0.067469
v 0.137366 1.688558 0.107484
v 0.137366 1.688558 0.129868
v -0.453694 1.914784 0.129868
v -1.059182 2.356030 0.129662
v 0.943396 1.600280 0.137304
v 0.947552 1.601439 0.198212
v 0.703957 1.631909 0.128318
v 0.693763 1.618347 0.206571
v 0.812321 1.592281 0.132621
v 0.789296 1.583411 0.202772
v 1.490869 1.656453 0.137304
v 1.490869 1.656453 0.198212
v 1.400564 1.660822 0.137304
v 1.369332 1.719346 0.198212
v 1.288445 1.692318 0.198212
v 1.400564 1.660822 0.068652
v 0.922958 1.783934 0.196669
v 0.072435 1.888712 0.167556
v 0.033280 1.888712 0.098335
v 0.253491 1.861728 0.196669
v 1.371528 1.706159 0.235843
v 1.286249 1.705504 0.235843
v -0.741988 2.059758 0.129868
v 0.137366 1.688558 0.056808
v 1.201885 0.762987 0.132517
v 1.119284 0.774973 0.132517
v 1.097066 0.814810 0.132517
v 1.176210 0.841321 0.132517
v -0.167437 1.894442 0.129868
v 0.272843 0.600164 0.129868
v 0.272843 0.600164 0.127656
v 0.012773 1.305113 0.129337
v -0.135035 1.703596 0.129868
v 0.205884 0.815502 0.129868
v 0.131603 1.020257 0.129868
v -0.005063 1.369657 0.129305
v -0.196267 2.072927 0.171867
v -0.196267 2.072927 0.109812
v -0.167868 1.893611 0.255549
v -0.169227 2.063312 0.228087
v -0.195423 1.997460 0.256855
v -0.184850 1.839134 0.179798
v -0.185211 1.838270 0.254929
v 0.239805 0.706411 0.129868
v -0.203950 2.082643 0.058038
v 0.276324 0.601126 0.067469
v -0.151236 1.799019 0.129868
v -0.886362 1.330432 0.129868
v 0.366088 1.098859 0.129335
v 0.366088 1.098859 0.117292
v -0.239180 1.237627 0.129868
v -0.886362 1.330432 0.127656
v -0.703735 1.327842 0.129868
v 0.137405 1.688453 0.214533
v -0.886362 1.330432 0.067469
v 0.367644 1.099290 0.061992
v 0.070548 1.166616 0.129595
v -1.037249 1.941024 0.135146
v 0.210963 1.449240 0.129327
v -0.274910 1.633386 0.129868
v 0.211813 1.448682 0.105843
v -0.804091 1.732528 0.129797
v -1.087165 1.933953 0.127656
v -0.678752 1.776868 0.129834
v -1.087165 1.933953 0.067469
v 0.221275 1.447281 0.055940
v -0.652242 1.159484 0.304661
v -0.558714 0.853626 0.304661
v -0.185409 1.080769 0.304661
v -0.087742 0.795802 0.304661
v -0.541374 1.450236 0.304661
v -0.290052 1.386091 0.304661
v -0.263249 1.491396 0.304661
v -0.775622 1.573619 0.304661
v -0.752450 1.487189 0.304661
v -0.578084 1.841135 0.304661
v -0.286184 1.770832 0.304661
v -0.344504 0.832490 0.304661
v -0.239175 1.237644 0.304661
v -0.703729 1.327859 0.304661
v -0.439545 1.130712 0.304661
v -0.274904 1.633403 0.304661
v -0.852501 1.732546 0.304590
v -0.565057 1.534090 0.304661
v -0.678746 1.776886 0.304627
v -0.491865 1.294884 0.304661
v 0.205889 0.815520 0.304661
v 0.131609 1.020275 0.304661
v 0.070554 1.166634 0.304388
v -0.274871 1.633281 0.214533
v -0.263216 1.491274 0.214533
v -0.005024 1.369553 0.213970
v -0.151197 1.798915 0.214533
v -0.286150 1.770710 0.214533
v -0.071075 1.539258 0.214256
v -0.704812 2.164673 0.129868
v -0.476084 1.816550 0.129868
v -0.254784 0.819652 0.129868
v -0.206596 0.654373 0.127656
v -0.206596 0.654373 0.129868
v -0.552131 2.284520 0.230400
v -0.552131 2.284520 0.109812
v -0.705243 2.163841 0.314082
v -0.542573 2.271488 0.269581
v -0.624265 2.230871 0.310187
v -0.742765 1.927575 0.129857
v -0.752390 1.934342 0.249590
v -0.230372 0.735921 0.129868
v -0.552131 2.284520 0.058038
v -0.255012 0.654373 0.067469
v -0.641243 2.009096 0.129868
v -0.453549 1.427820 0.304661
v -0.476079 1.816567 0.304661
v -0.254778 0.819669 0.304661
v -0.350737 1.113259 0.304661
v -0.459590 1.519170 0.304661
v -0.403562 1.274881 0.304661
v -0.537623 1.726745 0.304639
v -0.261616 0.660269 0.127656
v -0.261616 0.660269 0.129868
v -0.310032 0.660269 0.067469
v -0.775007 2.207802 0.129868
v -0.538203 1.831511 0.129868
v -0.309425 0.827459 0.129868
v -0.604438 2.304716 0.230400
v -0.604438 2.304716 0.109812
v -0.757337 2.206970 0.303353
v -0.600963 2.295334 0.273529
v -0.685951 2.261074 0.308486
v -0.816291 1.928220 0.129857
v -0.828946 1.937483 0.249572
v -0.285205 0.742760 0.129868
v -0.604438 2.304716 0.058038
v -0.702594 2.039948 0.129868
v -0.507033 1.441471 0.304661
v -0.538197 1.831528 0.304661
v -0.309419 0.827477 0.304661
v -0.404819 1.123888 0.304661
v -0.523816 1.528256 0.304661
v -0.457336 1.287062 0.304661
v -0.623563 1.757280 0.304631
vn -0.0000 -0.0000 -1.0000
vn 0.9414 0.3364 -0.0253
vn -0.1626 -0.4471 -0.8796
vn -0.2185 0.9758 -0.0000
vn -0.8518 -0.5239 0.0001
vn -0.1065 -0.9943 -0.0000
vn -0.1088 -0.9935 0.0328
vn -0.9609 -0.2770 -0.0000
vn -0.8518 -0.5239 -0.0000
vn 0.9141 0.3981 -0.0765
vn 0.9467 0.2840 0.1517
vn 0.0023 0.0039 -1.0000
vn -0.9563 -0.2924 -0.0001
vn 0.6611 0.7342 -0.1547
vn -0.1155 -0.9933 -0.0000
vn 0.6043 0.7967 -0.0000
vn 0.8948 0.4464 -0.0000
vn 0.0300 -0.0014 -0.9995
vn 0.0495 0.0079 -0.9987
vn -0.9659 -0.2590 -0.0001
vn 0.9036 0.3721 -0.2124
vn 0.0434 0.0694 -0.9966
vn 0.9064 0.4222 -0.0117
vn -0.9398 -0.3416 -0.0000
vn 0.3575 0.9339 -0.0010
vn -0.1281 -0.0442 -0.9908
vn -0.1436 -0.9896 -0.0000
vn 0.8868 0.0222 -0.4616
vn -0.4018 -0.8763 -0.2657
vn 0.2748 -0.9590 0.0694
vn 0.0350 -0.0035 0.9994
vn 0.1370 0.9897 -0.0409
vn 0.2235 0.9747 0.0001
vn -0.4148 -0.1573 -0.8962
vn 0.9237 0.3788 0.0571
vn 0.9268 0.3756 -0.0000
vn -0.0069 0.0009 -1.0000
vn 0.2883 0.9575 -0.0052
vn -0.2238 0.0288 0.9742
vn 0.0126 0.2529 0.9674
vn 0.2551 0.9429 0.2141
vn -0.0317 -0.0124 -0.9994
vn -0.1669 -0.9707 -0.1731
vn -0.0767 -0.5288 0.8453
vn -0.0127 0.0243 -0.9996
vn -0.0017 0.0119 -0.9999
vn -0.4343 0.9006 -0.0154
vn -0.9728 -0.2316 0.0016
vn 0.0127 -0.0243 0.9996
vn 0.9728 0.2316 -0.0016
vn 0.1511 0.9869 -0.0565
vn 0.0366 -0.0015 0.9993
vn -0.0467 -0.9729 0.2265
vn -0.1361 0.0049 -0.9907
vn 0.1506 0.9856 -0.0765
vn 0.0393 -0.0041 0.9992
vn 0.8024 -0.5809 -0.1370
vn 0.0375 -0.0030 -0.9993
vn -0.3536 -0.5728 -0.7395
vn 0.0232 -0.0323 -0.9992
vn -0.8321 0.5510 -0.0629
vn 0.0232 -0.0323 0.9992
vn -0.9535 -0.3015 -0.0000
vn 0.0022 0.0014 -1.0000
vn -0.0890 -0.9960 -0.0000
vn 0.9401 0.3300 -0.0860
vn 0.2342 0.9722 0.0001
vn 0.9993 0.0362 -0.0132
vn -0.2365 -0.0589 -0.9698
vn 0.0510 0.9983 0.0277
vn 0.1991 0.0212 0.9798
vn 0.9740 0.2264 -0.0000
vn -0.8980 -0.4210 -0.1280
vn 0.9266 0.3759 -0.0000
vn 0.9092 0.4164 -0.0000
vn 0.7868 0.6172 -0.0000
vn 0.9989 -0.0434 -0.0172
vn 0.2587 -0.6667 -0.6990
vn -0.0000 -0.0000 1.0000
vn -0.9266 -0.3759 -0.0000
vn -0.1895 -0.9816 -0.0243
vn -0.2477 -0.9688 -0.0000
vn 0.1445 -0.9895 -0.0000
vn 0.1660 -0.8932 -0.4180
vn -0.9655 -0.2605 -0.0000
vn 0.1523 0.9883 -0.0000
vn -0.0680 -0.8199 0.5684
vn -0.1791 -0.6875 0.7037
vn 0.4182 0.9084 -0.0000
vn 0.6158 -0.7879 -0.0000
vn 0.1434 0.9897 -0.0000
vn -0.1459 0.1168 -0.9824
vn -0.0056 -0.7127 0.7014
vn 0.4369 -0.8995 -0.0023
vn -0.3916 0.9198 0.0234
vn -0.0499 -0.0233 -0.9985
vn 0.6818 -0.7313 0.0195
vn -0.6448 0.7611 0.0708
vn -0.0102 -0.8902 0.4554
vn -0.8595 0.5065 0.0686
vn 0.8796 -0.4740 0.0406
vn 0.8193 -0.4430 0.3641
vn -0.8502 0.5221 0.0680
vn 0.3050 -0.9460 0.1096
vn -0.6636 0.7449 0.0689
vn 0.5949 -0.6391 0.4875
vn -0.4105 0.9116 0.0226
vn 0.3874 -0.7507 0.5351
vn -0.1782 -0.9840 -0.0000
vn 0.6422 -0.7662 0.0248
vn -0.1419 -0.9899 -0.0000
vn -0.0827 -0.9966 -0.0000
vn 0.1191 -0.8160 0.5657
vn -0.2056 -0.8043 0.5576
vn 0.0403 0.9992 -0.0000
vn 0.0502 0.9987 -0.0000
vn 0.1367 0.9894 0.0495
vn -0.1216 -0.9926 -0.0000
vn 0.1216 0.9926 -0.0000
vn 0.6732 0.2468 0.6971
vn -0.9477 -0.2296 -0.2215
vn -0.9870 0.1606 -0.0000
vn -0.9063 -0.0182 -0.4222
vn -0.9498 -0.3129 -0.0000
vn -0.1043 -0.2570 -0.9608
vn -0.1550 0.0252 -0.9876
vn -0.0362 -0.3113 -0.9496
vn 0.9574 0.1390 -0.2531
vn -0.9938 0.0905 -0.0651
vn 0.3196 -0.9428 -0.0953
vn -0.0270 0.7831 -0.6213
vn 0.0351 0.2943 -0.9551
vn -0.9467 0.2124 -0.2422
vn -0.1409 0.9898 -0.0192
vn -0.0653 -0.2320 0.9705
vn -0.9652 -0.0472 -0.2571
vn 0.0215 0.1227 -0.9922
vn 0.9989 -0.0450 0.0125
vn 0.9854 -0.1702 0.0059
vn -0.9854 0.1702 -0.0059
vn 0.1409 -0.9898 0.0193
vn 0.0965 -0.8590 0.5028
vn -0.9621 0.1685 0.2145
vn 0.9769 -0.0432 -0.2094
vn -0.1241 0.8719 -0.4737
vn 0.9456 -0.1594 0.2837
vn -0.0024 -0.0134 -0.9999
vn -0.9680 0.1646 -0.1895
vn -0.0020 0.0142 0.9999
vn -0.0982 -0.9952 -0.0001
vn -0.1415 -0.9899 -0.0001
vn 0.8341 0.5502 0.0403
vn -0.0004 0.0001 -1.0000
vn 0.6175 0.5415 -0.5705
vn -0.0013 -0.0009 -1.0000
vn 0.9460 0.3242 0.0001
vn -0.1568 -0.9876 -0.0000
vn 0.5904 0.8065 -0.0319
vn 0.6075 0.7944 -0.0000
vn 0.3602 0.9329 -0.0000
vn 0.7048 0.5737 0.4173
vn 0.6789 0.6356 0.3676
vn -0.5862 0.8101 -0.0000
vn 0.0002 -0.0000 1.0000
vn 0.7085 0.7053 0.0216
vn -0.2573 0.9361 -0.2400
vn -0.5863 0.8101 -0.0000
vn 0.3740 0.3108 -0.8738
vn -0.0116 0.5551 -0.8317
vn -0.5588 0.4472 -0.6984
vn 0.1861 -0.0364 -0.9819
vn -0.7461 0.6010 -0.2864
vn -0.2666 -0.7348 -0.6237
vn 0.1519 -0.1255 -0.9804
vn 0.3626 0.8854 -0.2909
vn -0.9920 0.0545 0.1136
vn -0.2505 -0.9681 0.0095
vn -0.9969 0.0539 -0.0568
vn 0.4442 -0.1979 -0.8738
vn -0.0255 -0.2870 0.9576
vn -0.1057 -0.3350 -0.9363
vn 0.9547 0.2976 -0.0000
vn -0.8517 -0.5239 -0.0000
vn 0.9382 0.3352 -0.0864
vn 0.9475 0.3054 -0.0946
vn 0.7460 0.6643 0.0476
vn 0.6021 0.7978 -0.0302
vn -0.1268 -0.9906 -0.0510
vn 0.8603 0.5098 -0.0030
vn 0.9654 0.2493 -0.0770
vn 0.9251 0.3769 0.0451
vn 0.8927 0.4013 -0.2049
vn 0.9792 0.0841 0.1844
vn 0.8980 0.4335 -0.0760
vn -0.1133 -0.9930 0.0331
vn -0.1062 -0.9907 -0.0854
vn 0.9567 0.2899 -0.0269
vn 0.9792 0.0841 -0.1844
vn -0.0105 -0.0095 -0.9999
vn -0.9673 0.0881 0.2380
vn -0.8077 -0.0968 -0.5816
vn 0.8361 0.3065 0.4550
vn 0.9859 -0.0428 0.1621
vn -0.9046 -0.4241 -0.0430
vn 0.0398 -0.0032 -0.9992
vn 0.0372 -0.0039 0.9993
vn -0.1358 0.0049 -0.9907
vn 0.0369 -0.0037 0.9993
vn 0.0280 -0.0013 -0.9996
vn 0.9467 0.2840 -0.1517
vn 0.9071 0.4210 -0.0001
vn -0.3121 0.9318 0.1854
vn 0.8102 0.5778 0.0992
vn -0.3077 0.7266 0.6144
vn -0.5699 -0.1421 0.8093
vn -0.1417 -0.9767 0.1611
vn 0.9251 0.3032 0.2284
vn -0.8530 -0.4757 0.2148
vn -0.1052 -0.9940 -0.0313
vn 0.6000 0.7950 -0.0888
vn -0.2453 -0.4996 0.8308
vn -0.0476 -0.3597 -0.9319
vn -0.0556 -0.9804 -0.1889
vn 0.4255 -0.0400 -0.9041
vn 0.4010 0.0932 -0.9113
vn 0.5853 0.8055 0.0925
vn 0.5838 0.8044 -0.1105
vn 0.0020 0.0001 -1.0000
vn -0.2956 -0.9553 0.0010
vn 0.5804 0.8125 0.0548
vn 0.0017 0.0015 -1.0000
vn -0.0946 -0.9955 0.0107
vn 0.9966 0.0818 -0.0000
vn 0.9013 0.4326 0.0254
vn 0.9229 0.3850 0.0001
vn 0.8550 0.5067 -0.1108
vn -0.9411 -0.3120 0.1303
vn -0.1355 0.4105 -0.9017
vn 0.9174 0.3976 0.0175
vn 0.9991 -0.0433 0.0005
vn 0.9062 0.4082 -0.1104
vn 0.0670 -0.9978 -0.0001
vn -0.1824 -0.0592 -0.9814
vn -0.9966 -0.0818 -0.0004
vn 0.9060 0.4219 -0.0338
vn 0.9191 0.3788 -0.1086
vn -0.5380 0.8429 0.0001
vn 0.0065 -0.0097 -0.9999
vn -0.0001 -0.0001 -1.0000
vn 0.0007 0.0012 -1.0000
vn -0.0001 0.0002 -1.0000
vn -0.0000 0.0001 -1.0000
vn 0.9401 0.3410 0.0001
vn 0.9691 -0.2467 -0.0000
vn -0.2840 0.9580 0.0394
vn -0.0004 -0.0026 -1.0000
vn 0.0004 -0.0008 -1.0000
vn 0.0016 -0.0005 -1.0000
vn 0.0007 -0.0022 -1.0000
vn -0.9859 -0.1674 -0.0002
vn -0.4264 -0.9045 0.0009
vn 0.4063 0.9137 -0.0009
vn -0.0001 -0.0002 -1.0000
vn -0.1507 -0.1939 -0.9694
vn -0.0252 -0.9994 -0.0236
vn 0.3688 0.9100 -0.1894
vn -0.0032 0.0174 -0.9998
vn 0.2309 0.4777 -0.8477
vn -0.0000 0.0001 1.0000
vn 0.3699 0.9158 -0.1567
vn -0.7411 0.0895 -0.6654
vn -0.0001 -0.0003 -1.0000
vn -0.0252 -0.9976 -0.0644
vn -0.0637 0.0699 -0.9955
vn 0.2080 0.4256 -0.8807
vn 0.9414 0.3364 0.0253
vn -0.1626 -0.4471 0.8796
vn -0.1088 -0.9935 -0.0328
vn 0.9141 0.3981 0.0765
vn 0.0023 0.0039 1.0000
vn -0.9563 -0.2924 0.0001
vn 0.6611 0.7342 0.1547
vn 0.0300 -0.0014 0.9995
vn 0.0495 0.0079 0.9987
vn -0.9659 -0.2590 0.0001
vn 0.9036 0.3721 0.2124
vn 0.0434 0.0694 0.9966
vn 0.9064 0.4222 0.0117
vn 0.3575 0.9339 0.0010
vn -0.1281 -0.0442 0.9908
vn 0.8868 0.0222 0.4616
vn -0.4018 -0.8763 0.2657
vn 0.2748 -0.9590 -0.0694
vn 0.0350 -0.0035 -0.9994
vn 0.1370 0.9897 0.0409
vn 0.2235 0.9747 -0.0001
vn -0.4148 -0.1573 0.8962
vn 0.9237 0.3788 -0.0571
vn -0.0069 0.0009 1.0000
vn 0.2883 0.9575 0.0052
vn -0.2238 0.0288 -0.9742
vn 0.0126 0.2529 -0.9674
vn 0.2551 0.9429 -0.2141
vn -0.0317 -0.0124 0.9994
vn -0.1669 -0.9707 0.1731
vn -0.0767 -0.5288 -0.8453
vn -0.0127 0.0243 0.9996
vn -0.0017 0.0119 0.9999
vn -0.4343 0.9006 0.0154
vn -0.9728 -0.2316 -0.0016
vn 0.0127 -0.0243 -0.9996
vn 0.9728 0.2316 0.0016
vn 0.1511 0.9869 0.0565
vn 0.0366 -0.0015 -0.9993
vn -0.0467 -0.9729 -0.2265
vn -0.1361 0.0049 0.9907
vn 0.1506 0.9856 0.0765
vn 0.0393 -0.0041 -0.9992
vn 0.8024 -0.5809 0.1370
vn 0.0375 -0.0030 0.9993
vn -0.3536 -0.5728 0.7395
vn -0.8321 0.5510 0.0629
vn 0.0022 0.0014 1.0000
vn 0.9401 0.3300 0.0860
vn 0.2342 0.9722 -0.0001
vn 0.9993 0.0362 0.0132
vn -0.2365 -0.0589 0.9698
vn 0.0510 0.9983 -0.0277
vn 0.1991 0.0212 -0.9798
vn -0.8980 -0.4210 0.1280
vn 0.9989 -0.0434 0.0172
vn 0.2587 -0.6667 0.6990
vn -0.1895 -0.9816 0.0243
vn 0.1660 -0.8932 0.4180
vn -0.0680 -0.8199 -0.5684
vn -0.1791 -0.6875 -0.7037
vn -0.1459 0.1168 0.9824
vn -0.0056 -0.7127 -0.7014
vn 0.4369 -0.8995 0.0023
vn -0.3916 0.9198 -0.0234
vn -0.0499 -0.0233 0.9985
vn 0.6818 -0.7313 -0.0195
vn -0.6448 0.7611 -0.0708
vn -0.0102 -0.8902 -0.4554
vn -0.8595 0.5065 -0.0686
vn 0.8796 -0.4740 -0.0406
vn 0.8193 -0.4430 -0.3641
vn -0.8502 0.5221 -0.0680
vn 0.3050 -0.9460 -0.1096
vn -0.6636 0.7449 -0.0689
vn 0.5949 -0.6391 -0.4875
vn -0.4105 0.9116 -0.0226
vn 0.3874 -0.7507 -0.5351
vn 0.6422 -0.7662 -0.0248
vn 0.1191 -0.8160 -0.5657
vn -0.2056 -0.8043 -0.5576
vn 0.1367 0.9894 -0.0495
vn 0.6732 0.2468 -0.6971
vn -0.9477 -0.2296 0.2215
vn -0.9063 -0.0182 0.4222
vn -0.1043 -0.2570 0.9608
vn -0.1550 0.0252 0.9876
vn -0.0362 -0.3113 0.9496
vn 0.9574 0.1390 0.2531
vn -0.9938 0.0905 0.0651
vn 0.3196 -0.9428 0.0953
vn -0.0270 0.7831 0.6213
vn 0.0351 0.2943 0.9551
vn -0.9467 0.2124 0.2422
vn -0.1409 0.9898 0.0192
vn -0.0653 -0.2320 -0.9705
vn -0.9652 -0.0472 0.2571
vn 0.0215 0.1227 0.9922
vn 0.9989 -0.0450 -0.0125
vn 0.9854 -0.1702 -0.0059
vn -0.9854 0.1702 0.0059
vn 0.1409 -0.9898 -0.0193
vn 0.0965 -0.8590 -0.5028
vn -0.9621 0.1685 -0.2145
vn 0.9769 -0.0432 0.2094
vn -0.1241 0.8719 0.4737
vn 0.9456 -0.1594 -0.2837
vn -0.0024 -0.0134 0.9999
vn -0.9680 0.1646 0.1895
vn -0.0020 0.0142 -0.9999
vn -0.0982 -0.9952 0.0001
vn -0.1415 -0.9899 0.0001
vn 0.8341 0.5502 -0.0403
vn -0.0004 0.0001 1.0000
vn 0.6175 0.5415 0.5705
vn -0.0013 -0.0009 1.0000
vn 0.9460 0.3242 -0.0001
vn 0.5904 0.8065 0.0319
vn 0.7048 0.5737 -0.4173
vn 0.6789 0.6356 -0.3676
vn 0.0002 -0.0000 -1.0000
vn 0.7085 0.7053 -0.0216
vn -0.2573 0.9361 0.2400
vn 0.3740 0.3108 0.8738
vn -0.0116 0.5551 0.8317
vn -0.5588 0.4472 0.6984
vn 0.1861 -0.0364 0.9819
vn -0.7461 0.6010 0.2864
vn -0.2666 -0.7348 0.6237
vn 0.1519 -0.1255 0.9804
vn 0.3626 0.8854 0.2909
vn -0.9920 0.0545 -0.1136
vn -0.2505 -0.9681 -0.0095
vn -0.9969 0.0539 0.0568
vn 0.4442 -0.1979 0.8738
vn -0.0255 -0.2870 -0.9576
vn -0.1057 -0.3350 0.9363
vn 0.9382 0.3352 0.0864
vn 0.9475 0.3054 0.0946
vn 0.7460 0.6643 -0.0476
vn 0.6021 0.7978 0.0302
vn -0.1268 -0.9906 0.0510
vn 0.8603 0.5098 0.0030
vn 0.9654 0.2493 0.0770
vn 0.9251 0.3769 -0.0451
vn 0.8927 0.4013 0.2049
vn 0.8980 0.4335 0.0760
vn -0.1133 -0.9930 -0.0331
vn -0.1062 -0.9907 0.0854
vn 0.9567 0.2899 0.0269
vn -0.0105 -0.0095 0.9999
vn -0.9673 0.0881 -0.2380
vn -0.8077 -0.0968 0.5816
vn 0.8361 0.3065 -0.4550
vn 0.9859 -0.0428 -0.1621
vn -0.9046 -0.4241 0.0430
vn 0.0398 -0.0032 0.9992
vn 0.0372 -0.0039 -0.9993
vn -0.1358 0.0049 0.9907
vn 0.0369 -0.0037 -0.9993
vn 0.0280 -0.0013 0.9996
vn 0.9071 0.4210 0.0001
vn -0.3121 0.9318 -0.1854
vn 0.8102 0.5778 -0.0992
vn -0.3077 0.7266 -0.6144
vn -0.5699 -0.1421 -0.8093
vn -0.1417 -0.9767 -0.1611
vn 0.9251 0.3032 -0.2284
vn -0.8530 -0.4757 -0.2148
vn -0.1052 -0.9940 0.0313
vn 0.6000 0.7950 0.0888
vn -0.2453 -0.4996 -0.8308
vn -0.0476 -0.3597 0.9319
vn -0.0556 -0.9804 0.1889
vn 0.4255 -0.0400 0.9041
vn 0.4010 0.0932 0.9113
vn 0.5853 0.8055 -0.0925
vn 0.5838 0.8044 0.1105
vn 0.0020 0.0001 1.0000
vn -0.2956 -0.9553 -0.0010
vn 0.5804 0.8125 -0.0548
vn 0.0017 0.0015 1.0000
vn -0.0946 -0.9955 -0.0107
vn 0.9013 0.4326 -0.0254
vn 0.9229 0.3850 -0.0001
vn 0.8550 0.5067 0.1108
vn -0.9411 -0.3120 -0.1303
vn -0.1355 0.4105 0.9017
vn 0.9174 0.3976 -0.0175
vn 0.9991 -0.0433 -0.0005
vn 0.9062 0.4082 0.1104
vn 0.0670 -0.9978 0.0001
vn -0.1824 -0.0592 0.9814
vn -0.9966 -0.0818 0.0004
vn 0.9060 0.4219 0.0338
vn 0.9191 0.3788 0.1086
vn -0.5380 0.8429 -0.0001
vn 0.0065 -0.0097 0.9999
vn -0.0001 -0.0001 1.0000
vn 0.0007 0.0012 1.0000
vn -0.0001 0.0002 1.0000
vn 0.9401 0.3410 -0.0001
vn -0.2840 0.9580 -0.0394
vn -0.0004 -0.0026 1.0000
vn 0.0004 -0.0008 1.0000
vn 0.0016 -0.0005 1.0000
vn 0.0007 -0.0022 1.0000
vn -0.9859 -0.1674 0.0002
vn -0.4264 -0.9045 -0.0009
vn 0.4063 0.9137 0.0009
vn -0.0001 -0.0002 1.0000
vn -0.1507 -0.1939 0.9694
vn -0.0252 -0.9994 0.0236
vn 0.3688 0.9100 0.1894
vn -0.0032 0.0174 0.9998
vn 0.2309 0.4777 0.8477
vn 0.3699 0.9158 0.1567
vn -0.7411 0.0895 0.6654
vn -0.0001 -0.0003 1.0000
vn -0.0252 -0.9976 0.0644
vn -0.0637 0.0699 0.9955
vn 0.2080 0.4256 0.8807
vt 0.257062 0.243007
vt 0.275265 0.235046
vt 0.264245 0.302948
vt 0.249379 0.305974
vt 0.404871 0.422591
vt 0.404870 0.400031
vt 0.418720 0.414548
vt 0.418721 0.429891
vt 0.058827 0.375109
vt 0.078874 0.362940
vt 0.096524 0.417814
vt 0.071516 0.433021
vt 0.041376 0.279992
vt 0.056843 0.270975
vt 0.060377 0.305431
vt 0.045529 0.314418
vt 0.095937 0.901857
vt 0.095937 0.913660
vt 0.076074 0.913670
vt 0.076074 0.901756
vt 0.641876 0.330259
vt 0.641856 0.314053
vt 0.642310 0.314053
vt 0.642330 0.330259
vt 0.574875 0.579411
vt 0.574875 0.545110
vt 0.588725 0.545103
vt 0.588725 0.579403
vt 0.574872 0.471016
vt 0.574874 0.409788
vt 0.588721 0.408196
vt 0.588721 0.470198
vt 0.024783 0.184281
vt 0.036406 0.172418
vt 0.048527 0.208750
vt 0.035468 0.231015
vt 0.641873 0.246440
vt 0.642327 0.246440
vt 0.629521 0.330259
vt 0.629502 0.314053
vt 0.405989 0.327511
vt 0.407052 0.298098
vt 0.418713 0.298351
vt 0.418715 0.327572
vt 0.407046 0.197916
vt 0.407046 0.180236
vt 0.418706 0.175491
vt 0.418708 0.197916
vt 0.142098 0.318562
vt 0.166818 0.300183
vt 0.165768 0.361573
vt 0.143265 0.380792
vt 0.710292 0.758142
vt 0.710233 0.722020
vt 0.746113 0.721952
vt 0.746172 0.758074
vt 0.274594 0.134981
vt 0.302430 0.114600
vt 0.286815 0.163884
vt 0.265114 0.177018
vt 0.641883 0.209220
vt 0.641891 0.173998
vt 0.642345 0.173998
vt 0.642337 0.209220
vt 0.383416 0.097420
vt 0.390918 0.136908
vt 0.372638 0.118682
vt 0.371877 0.101562
vt 0.127249 0.119830
vt 0.157769 0.102161
vt 0.165114 0.138725
vt 0.135794 0.156335
vt 0.562063 0.569491
vt 0.562063 0.535191
vt 0.562517 0.535190
vt 0.562517 0.569491
vt 0.574871 0.662165
vt 0.574871 0.618283
vt 0.588721 0.618276
vt 0.588721 0.662158
vt 0.562064 0.471747
vt 0.562066 0.411209
vt 0.562520 0.411208
vt 0.562518 0.471746
vt 0.574425 0.934950
vt 0.574418 0.880407
vt 0.588268 0.880406
vt 0.588275 0.934949
vt 0.392165 0.327456
vt 0.392267 0.297872
vt 0.396649 0.297872
vt 0.394638 0.327456
vt 0.260779 0.440957
vt 0.275687 0.439084
vt 0.279443 0.469027
vt 0.272222 0.471591
vt 0.629528 0.209220
vt 0.629537 0.173999
vt 0.241386 0.059473
vt 0.299228 0.032323
vt 0.317377 0.051499
vt 0.211424 0.116266
vt 0.562063 0.662172
vt 0.562063 0.618290
vt 0.562517 0.618290
vt 0.562517 0.662171
vt 0.710177 0.687839
vt 0.710151 0.669514
vt 0.746031 0.669446
vt 0.746058 0.687771
vt 0.407227 0.250076
vt 0.407047 0.215597
vt 0.418709 0.220340
vt 0.418711 0.251290
vt 0.310817 0.088126
vt 0.328549 0.017540
vt 0.335086 0.031490
vt 0.310817 0.088129
vt 0.392162 0.248815
vt 0.392049 0.211366
vt 0.396643 0.211366
vt 0.396983 0.248992
vt 0.629533 0.078660
vt 0.629525 0.013464
vt 0.641880 0.013463
vt 0.641887 0.078659
vt 0.392039 0.152261
vt 0.392049 0.197917
vt 0.374669 0.197941
vt 0.374659 0.152285
vt 0.237501 0.049890
vt 0.291583 0.013463
vt 0.094995 0.138501
vt 0.104810 0.174945
vt 0.854233 0.386644
vt 0.829479 0.386660
vt 0.829479 0.372986
vt 0.854233 0.372969
vt 0.629518 0.246441
vt 0.392061 0.416079
vt 0.392060 0.387080
vt 0.392514 0.387080
vt 0.392515 0.416079
vt 0.022098 0.955210
vt 0.013463 0.942667
vt 0.038787 0.942723
vt 0.038787 0.955226
vt 0.315836 0.720434
vt 0.301483 0.725191
vt 0.302102 0.689667
vt 0.314620 0.691294
vt 0.375685 0.893098
vt 0.389356 0.893145
vt 0.377784 0.920531
vt 0.369994 0.919448
vt 0.826467 0.238605
vt 0.811873 0.234769
vt 0.811917 0.215222
vt 0.824407 0.214651
vt 0.945843 0.654721
vt 0.945843 0.607253
vt 0.981724 0.607344
vt 0.981724 0.654812
vt 0.115974 0.337985
vt 0.119485 0.401102
vt 0.404867 0.358594
vt 0.418717 0.358453
vt 0.777798 0.580326
vt 0.777797 0.551966
vt 0.802550 0.551964
vt 0.802552 0.580324
vt 0.112640 0.578294
vt 0.143735 0.558762
vt 0.136993 0.575447
vt 0.114031 0.592160
vt 0.777794 0.536214
vt 0.802548 0.536213
vt 0.023156 0.785281
vt 0.025520 0.821922
vt 0.013463 0.828910
vt 0.013574 0.800513
vt 0.165296 0.712647
vt 0.165185 0.741044
vt 0.057689 0.803279
vt 0.060274 0.783127
vt 0.306209 0.934528
vt 0.305755 0.934528
vt 0.301483 0.841180
vt 0.326237 0.841180
vt 0.123754 0.527407
vt 0.108926 0.541300
vt 0.850092 0.545037
vt 0.849638 0.545037
vt 0.829479 0.423145
vt 0.854233 0.423129
vt 0.034208 0.809185
vt 0.049032 0.800594
vt 0.262444 0.439240
vt 0.282425 0.470596
vt 0.386767 0.983852
vt 0.362013 0.983844
vt 0.362013 0.947458
vt 0.386767 0.947466
vt 0.587039 0.853434
vt 0.562285 0.853479
vt 0.562063 0.689143
vt 0.586816 0.689098
vt 0.013463 0.621241
vt 0.050582 0.619086
vt 0.777719 0.372971
vt 0.802473 0.372969
vt 0.816463 0.344541
vt 0.811873 0.344751
vt 0.811873 0.253598
vt 0.828024 0.255133
vt 0.377093 0.753131
vt 0.392173 0.754779
vt 0.379999 0.870933
vt 0.371006 0.869874
vt 0.930309 0.129772
vt 0.925717 0.129605
vt 0.914188 0.015163
vt 0.930309 0.013463
vt 0.273717 0.417807
vt 0.262997 0.420190
vt 0.315096 0.814253
vt 0.304152 0.807874
vt 0.116437 0.373559
vt 0.128052 0.378546
vt 0.123317 0.393514
vt 0.111066 0.390529
vt 0.252278 0.422573
vt 0.245870 0.442830
vt 0.902921 0.607253
vt 0.918916 0.611649
vt 0.915189 0.729968
vt 0.902921 0.741527
vt 0.515749 0.808262
vt 0.522663 0.824674
vt 0.641895 0.146027
vt 0.642349 0.146027
vt 0.178790 0.293427
vt 0.175238 0.356800
vt 0.629540 0.146028
vt 0.948254 0.577510
vt 0.943991 0.576497
vt 0.943991 0.527812
vt 0.950393 0.529334
vt 0.407413 0.285703
vt 0.418712 0.283271
vt 0.710129 0.879560
vt 0.710104 0.850686
vt 0.745985 0.850705
vt 0.746010 0.879579
vt 0.181617 0.087528
vt 0.181180 0.129821
vt 0.914188 0.168115
vt 0.914188 0.156699
vt 0.920743 0.157276
vt 0.920757 0.168511
vt 0.184982 0.405244
vt 0.173151 0.408754
vt 0.963583 0.056641
vt 0.958673 0.057858
vt 0.957236 0.015192
vt 0.963583 0.013463
vt 0.943991 0.450624
vt 0.954006 0.453082
vt 0.956162 0.500885
vt 0.943991 0.499954
vt 0.106786 0.981286
vt 0.099447 0.981286
vt 0.099447 0.968783
vt 0.106786 0.968783
vt 0.316636 0.549754
vt 0.320822 0.548187
vt 0.316819 0.573668
vt 0.310139 0.577083
vt 0.528966 0.439404
vt 0.528975 0.444500
vt 0.500764 0.443192
vt 0.500768 0.438750
vt 0.459743 0.434312
vt 0.445650 0.434313
vt 0.445649 0.408198
vt 0.459742 0.408197
vt 0.099445 0.940598
vt 0.076076 0.968784
vt 0.076074 0.940599
vt 0.459744 0.439567
vt 0.473836 0.434311
vt 0.473836 0.439566
vt 0.873191 0.934356
vt 0.874457 0.938401
vt 0.867680 0.942612
vt 0.866608 0.939186
vt 0.630381 0.473929
vt 0.619564 0.467232
vt 0.615652 0.448884
vt 0.629561 0.443130
vt 0.966362 0.712289
vt 0.967095 0.716732
vt 0.947355 0.727247
vt 0.946599 0.719782
vt 0.106784 0.940597
vt 0.528956 0.434308
vt 0.500771 0.434308
vt 0.500764 0.408196
vt 0.528949 0.408196
vt 0.038787 0.983412
vt 0.016912 0.983396
vt 0.481038 0.271704
vt 0.488555 0.273187
vt 0.476604 0.301584
vt 0.472705 0.297857
vt 0.314516 0.532646
vt 0.313475 0.450095
vt 0.326283 0.515314
vt 0.330979 0.539225
vt 0.335086 0.559089
vt 0.504284 0.211736
vt 0.502054 0.206325
vt 0.518576 0.178153
vt 0.520798 0.184845
vt 0.687391 0.119566
vt 0.687474 0.094720
vt 0.701567 0.094753
vt 0.701483 0.119599
vt 0.653433 0.453212
vt 0.638645 0.423169
vt 0.658370 0.439974
vt 0.640410 0.475723
vt 0.488828 0.274206
vt 0.492783 0.299911
vt 0.618671 0.541126
vt 0.632120 0.539539
vt 0.687261 0.183627
vt 0.701354 0.183660
vt 0.473834 0.408196
vt 0.494216 0.205668
vt 0.301483 0.619086
vt 0.314060 0.623177
vt 0.307239 0.534983
vt 0.267535 0.972860
vt 0.255032 0.972883
vt 0.267162 0.934007
vt 0.267479 0.934006
vt 0.655272 0.403653
vt 0.674998 0.420458
vt 0.985557 0.213470
vt 0.985557 0.227563
vt 0.968550 0.227584
vt 0.968550 0.213491
vt 0.492574 0.314038
vt 0.477816 0.323482
vt 0.673413 0.095172
vt 0.673452 0.081167
vt 0.687513 0.080715
vt 0.486217 0.347705
vt 0.494368 0.354101
vt 0.495892 0.372740
vt 0.487772 0.381269
vt 0.670813 0.274743
vt 0.680609 0.276560
vt 0.686970 0.301397
vt 0.669276 0.314817
vt 0.466867 0.961555
vt 0.466867 0.947462
vt 0.486453 0.947458
vt 0.486454 0.961551
vt 0.685528 0.013501
vt 0.701780 0.013540
vt 0.701780 0.023167
vt 0.685528 0.023129
vt 0.439940 0.965838
vt 0.439940 0.979931
vt 0.413694 0.979963
vt 0.413694 0.963711
vt 0.668901 0.372969
vt 0.683177 0.403668
vt 0.686999 0.320117
vt 0.669276 0.333528
vt 0.556778 0.143763
vt 0.555291 0.154442
vt 0.701327 0.212683
vt 0.688060 0.211622
vt 0.927531 0.199578
vt 0.941623 0.199378
vt 0.940410 0.229634
vt 0.927158 0.230957
vt 0.637214 0.568350
vt 0.622293 0.571425
vt 0.643452 0.619267
vt 0.658310 0.609366
vt 0.683177 0.633499
vt 0.672974 0.649580
vt 0.701343 0.247816
vt 0.688076 0.246834
vt 0.941131 0.281272
vt 0.927869 0.281911
vt 0.530861 0.962345
vt 0.531251 0.975702
vt 0.513381 0.974016
vt 0.513381 0.960731
vt 0.941623 0.318075
vt 0.928327 0.316159
vt 0.588725 0.127790
vt 0.581338 0.143552
vt 0.143773 0.948471
vt 0.149480 0.936493
vt 0.164737 0.943636
vt 0.160730 0.956410
vt 0.146080 0.964200
vt 0.164737 0.972935
vt 0.914606 0.282549
vt 0.915031 0.314242
vt 0.530472 0.948989
vt 0.513867 0.947458
vt 0.913907 0.232279
vt 0.674824 0.211046
vt 0.674840 0.246336
vt 0.913440 0.199778
vt 0.673200 0.184079
vt 0.701723 0.041381
vt 0.687631 0.041348
vt 0.439940 0.951746
vt 0.413694 0.947458
vt 0.669276 0.013463
vt 0.669282 0.040214
vt 0.466868 0.975647
vt 0.486454 0.975644
vt 0.701606 0.080748
vt 0.985557 0.199378
vt 0.968550 0.199399
vt 0.486379 0.205012
vt 0.473521 0.270222
vt 0.446803 0.257644
vt 0.449951 0.191253
vt 0.673329 0.120018
vt 0.454606 0.059493
vt 0.446757 0.059995
vt 0.445649 0.014466
vt 0.453498 0.013965
vt 0.965628 0.707847
vt 0.945843 0.712318
vt 0.948180 0.689066
vt 0.967095 0.681739
vt 0.445651 0.439568
vt 0.750792 0.390080
vt 0.738289 0.390067
vt 0.738289 0.372998
vt 0.750792 0.373010
vt 0.750792 0.410454
vt 0.738289 0.410442
vt 0.710104 0.390039
vt 0.710104 0.372969
vt 0.724196 0.410428
vt 0.736383 0.466012
vt 0.710104 0.465986
vt 0.710104 0.410414
vt 0.736401 0.570347
vt 0.750493 0.570361
vt 0.744524 0.599612
vt 0.736407 0.606537
vt 0.724196 0.390053
vt 0.750792 0.466026
vt 0.750475 0.466026
vt 0.825966 0.142842
vt 0.840059 0.142834
vt 0.840059 0.187708
vt 0.825966 0.187716
vt 0.468806 0.294131
vt 0.445649 0.281986
vt 0.710122 0.570321
vt 0.710128 0.606510
vt 0.457800 0.190752
vt 0.147387 0.902822
vt 0.145244 0.909566
vt 0.143773 0.873958
vt 0.146651 0.864897
vt 0.076077 0.981287
vt 0.643906 0.942941
vt 0.629814 0.942967
vt 0.629744 0.903171
vt 0.650091 0.905747
vt 0.635844 0.896229
vt 0.615652 0.903197
vt 0.615659 0.896266
vt 0.650099 0.898816
vt 0.615721 0.942992
vt 0.651665 0.714036
vt 0.615652 0.731064
vt 0.615652 0.685523
vt 0.652639 0.676507
vt 0.659524 0.714345
vt 0.660498 0.676817
vt 0.498859 0.075066
vt 0.462454 0.058992
vt 0.461346 0.013463
vt 0.497751 0.029537
vt 0.811873 0.142850
vt 0.811873 0.187724
vt 0.811873 0.013480
vt 0.825966 0.013472
vt 0.465649 0.190251
vt 0.660388 0.852691
vt 0.653392 0.859431
vt 0.615652 0.862360
vt 0.840059 0.013463
vt 0.867704 0.164841
vt 0.868423 0.157231
vt 0.885191 0.157556
vt 0.884982 0.162022
vt 0.841731 0.819748
vt 0.831486 0.826430
vt 0.831214 0.819092
vt 0.835031 0.812399
vt 0.833205 0.759530
vt 0.835196 0.752426
vt 0.843114 0.752842
vt 0.841375 0.758998
vt 0.976289 0.307115
vt 0.976289 0.324132
vt 0.968550 0.326809
vt 0.968571 0.308183
vt 0.943991 0.418431
vt 0.959077 0.414795
vt 0.956380 0.421237
vt 0.945249 0.423697
vt 0.883753 0.020536
vt 0.866986 0.020211
vt 0.867449 0.014161
vt 0.881590 0.013463
vt 0.875995 0.635483
vt 0.868077 0.635067
vt 0.870842 0.625810
vt 0.875315 0.629955
vt 0.964539 0.396444
vt 0.949454 0.400081
vt 0.943991 0.376606
vt 0.959077 0.372969
vt 0.883052 0.221309
vt 0.866986 0.216496
vt 0.866986 0.199378
vt 0.886513 0.206591
vt 0.873815 0.650060
vt 0.865897 0.649644
vt 0.887261 0.035216
vt 0.870493 0.034891
vt 0.840350 0.835029
vt 0.833962 0.840478
vt 0.881160 0.576439
vt 0.881160 0.559668
vt 0.891645 0.556281
vt 0.891645 0.573052
vt 0.851669 0.809787
vt 0.848888 0.801186
vt 0.871757 0.793561
vt 0.874457 0.802188
vt 0.856929 0.614161
vt 0.854227 0.623436
vt 0.831214 0.616550
vt 0.833834 0.607253
vt 0.973767 0.110927
vt 0.957236 0.108550
vt 0.960703 0.084785
vt 0.977234 0.087162
vt 0.977234 0.128072
vt 0.957446 0.121142
vt 0.871924 0.930312
vt 0.865536 0.935761
vt 0.852952 0.897785
vt 0.859340 0.892336
vt 0.843457 0.869132
vt 0.849845 0.863682
vt 0.869248 0.108471
vt 0.886016 0.108796
vt 0.869871 0.071681
vt 0.886638 0.072006
vt 0.847432 0.711461
vt 0.855350 0.711877
vt 0.856665 0.680553
vt 0.864583 0.680969
vt 0.885670 0.343606
vt 0.869604 0.338792
vt 0.868560 0.290050
vt 0.884626 0.294863
vt 0.867773 0.253273
vt 0.883839 0.258086
vt 0.917048 0.485641
vt 0.917041 0.529343
vt 0.881160 0.529354
vt 0.881167 0.485651
vt 0.917050 0.478498
vt 0.881169 0.478509
vt 0.406901 0.151604
vt 0.396372 0.156442
vt 0.396161 0.140278
vt 0.406788 0.135440
vt 0.244268 0.155895
vt 0.226476 0.139032
vt 0.388809 0.157995
vt 0.386013 0.156505
vt 0.562063 0.587916
vt 0.562517 0.587916
vt 0.322963 0.034520
vt 0.279687 0.112400
vt 0.228104 0.922485
vt 0.228106 0.954511
vt 0.192225 0.954510
vt 0.192223 0.922484
vt 0.574875 0.597835
vt 0.588725 0.597828
vt 0.054945 0.252467
vt 0.039146 0.261500
vt 0.406783 0.094943
vt 0.406777 0.052502
vt 0.418691 0.052501
vt 0.418696 0.092168
vt 0.371395 0.052505
vt 0.396149 0.052503
vt 0.396155 0.097419
vt 0.371388 0.018801
vt 0.371387 0.013467
vt 0.396141 0.013465
vt 0.396142 0.018799
vt 0.406770 0.018799
vt 0.406769 0.013464
vt 0.418683 0.013463
vt 0.418684 0.018798
vt 0.095937 0.866574
vt 0.095937 0.891328
vt 0.076074 0.891128
vt 0.076074 0.866374
vt 0.396644 0.184468
vt 0.392049 0.184469
vt 0.116846 0.887004
vt 0.116846 0.887458
vt 0.729719 0.024275
vt 0.728707 0.013463
vt 0.756997 0.030240
vt 0.784946 0.042023
vt 0.076882 0.857002
vt 0.095439 0.855837
vt 0.116846 0.899813
vt 0.116846 0.913663
vt 0.227454 0.747763
vt 0.247190 0.694008
vt 0.261931 0.706355
vt 0.241712 0.750687
vt 0.262811 0.638992
vt 0.265282 0.630316
vt 0.274556 0.646818
vt 0.272831 0.654953
vt 0.249277 0.626552
vt 0.249632 0.619086
vt 0.207481 0.757120
vt 0.223661 0.686793
vt 0.114180 0.861919
vt 0.799682 0.630683
vt 0.802951 0.607253
vt 0.804287 0.626436
vt 0.799825 0.632271
vt 0.210725 0.804668
vt 0.192223 0.824367
vt 0.200996 0.798280
vt 0.208621 0.799106
vt 0.371389 0.027108
vt 0.365830 0.059453
vt 0.363347 0.030364
vt 0.013465 0.915740
vt 0.013475 0.887680
vt 0.038031 0.887881
vt 0.038025 0.913053
vt 0.793140 0.673266
vt 0.803834 0.740609
vt 0.779247 0.740878
vt 0.777719 0.673466
vt 0.013463 0.855837
vt 0.038589 0.861530
vt 0.199551 0.796985
vt 0.195669 0.755636
vt 0.732324 0.164578
vt 0.736114 0.092585
vt 0.758376 0.097194
vt 0.744205 0.166465
vt 0.242465 0.638636
vt 0.200981 0.685191
vt 0.194382 0.637565
vt 0.019547 0.239838
vt 0.023758 0.270297
vt 0.392063 0.444322
vt 0.392517 0.444322
vt 0.629540 0.346042
vt 0.641895 0.346042
vt 0.013463 0.195834
vt 0.642349 0.346042
vt 0.026312 0.288774
vt 0.031068 0.323170
vt 0.039303 0.386962
vt 0.047161 0.447831
vt 0.404872 0.444564
vt 0.418722 0.444834
vt 0.615690 0.346043
vt 0.615671 0.330259
vt 0.418703 0.146182
vt 0.418702 0.132526
vt 0.397334 0.287873
vt 0.615687 0.173999
vt 0.615690 0.146028
vt 0.392512 0.358720
vt 0.615652 0.314053
vt 0.615669 0.246441
vt 0.615683 0.078660
vt 0.615676 0.013464
vt 0.615678 0.209220
vt 0.562070 0.934951
vt 0.562063 0.880408
vt 0.396643 0.197917
vt 0.831214 0.766634
vt 0.839637 0.765153
vt 0.866986 0.172451
vt 0.884773 0.166487
vt 0.667383 0.845951
vt 0.667383 0.714655
vt 0.668358 0.677127
vt 0.650106 0.891885
vt 0.641945 0.889287
vt 0.615666 0.889335
vt 0.149530 0.896079
vt 0.149530 0.855837
vt 0.445651 0.444824
vt 0.459744 0.444823
vt 0.265001 0.474155
vt 0.299961 0.537320
vt 0.114125 0.968782
vt 0.114123 0.940597
vt 0.473837 0.444822
vt 0.312449 0.551321
vt 0.303457 0.580498
vt 0.114125 0.981285
vt 0.362013 0.868814
vt 0.362013 0.893050
vt 0.234512 0.309000
vt 0.362013 0.751482
vt 0.362205 0.918365
vt 0.244436 0.177432
vt 0.244748 0.217526
vt 0.374782 0.248839
vt 0.374669 0.211390
vt 0.562063 0.961878
vt 0.578830 0.961878
vt 0.572980 0.979772
vt 0.569391 0.979772
vt 0.033119 0.792300
vt 0.050224 0.791307
vt 0.833101 0.575632
vt 0.831131 0.575262
vt 0.829479 0.571988
vt 0.833101 0.571964
vt 0.945108 0.967156
vt 0.961922 0.967156
vt 0.953634 0.985027
vt 0.950034 0.985027
vt 0.918181 0.985040
vt 0.901384 0.985041
vt 0.905748 0.967156
vt 0.909344 0.967156
vt 0.977320 0.527812
vt 0.986537 0.527812
vt 0.984465 0.545665
vt 0.982492 0.545665
vt 0.238858 0.250969
vt 0.728707 0.233273
vt 0.730431 0.212272
vt 0.229456 0.763008
vt 0.167919 0.235845
vt 0.190225 0.235959
vt 0.710399 0.823759
vt 0.746279 0.823691
vt 0.795099 0.831352
vt 0.795125 0.890982
vt 0.777745 0.891035
vt 0.777719 0.831406
vt 0.140874 0.253345
vt 0.228104 0.851294
vt 0.228104 0.877825
vt 0.192223 0.877825
vt 0.192223 0.851294
vt 0.764642 0.260200
vt 0.764588 0.292724
vt 0.728707 0.292724
vt 0.728761 0.260200
vt 0.392058 0.358720
vt 0.710104 0.636763
vt 0.745929 0.633464
vt 0.917041 0.372969
vt 0.917064 0.433372
vt 0.881183 0.433382
vt 0.881160 0.372980
vt 0.181617 0.087530
vt 0.255045 0.878734
vt 0.255032 0.851302
vt 0.272412 0.851294
vt 0.272425 0.878725
vt 0.392279 0.287511
vt 0.710119 0.919567
vt 0.710142 0.895071
vt 0.746023 0.895090
vt 0.746000 0.919586
vt 0.421442 0.593249
vt 0.422503 0.560237
vt 0.451131 0.579735
vt 0.450557 0.611942
vt 0.427205 0.496668
vt 0.445369 0.483643
vt 0.478811 0.505761
vt 0.471367 0.533071
vt 0.418286 0.691507
vt 0.420322 0.628135
vt 0.449950 0.645978
vt 0.448848 0.707806
vt 0.427732 0.542186
vt 0.463675 0.561290
vt 0.368980 0.527857
vt 0.370559 0.509556
vt 0.408425 0.531924
vt 0.407124 0.549764
vt 0.362013 0.663679
vt 0.365376 0.598110
vt 0.404406 0.618551
vt 0.401869 0.682752
vt 0.367228 0.562014
vt 0.405803 0.583208
vt 0.506890 0.679844
vt 0.506890 0.724556
vt 0.505354 0.647327
vt 0.366850 0.473506
vt 0.403483 0.477113
vt 0.764591 0.337255
vt 0.728710 0.337255
vt 0.228105 0.905240
vt 0.192224 0.905240
vt 0.710104 0.946366
vt 0.745987 0.954957
vt 0.929072 0.851777
vt 0.955867 0.827472
vt 0.958582 0.885602
vt 0.932492 0.912468
vt 0.972973 0.817364
vt 0.972973 0.880797
vt 0.932143 0.805808
vt 0.957663 0.793561
vt 0.905774 0.818462
vt 0.901384 0.876893
vt 0.905534 0.940229
vt 0.255059 0.907079
vt 0.272438 0.907070
vt 0.301502 0.981069
vt 0.301483 0.961463
vt 0.318863 0.961455
vt 0.318881 0.981060
vt 0.795099 0.942677
vt 0.777719 0.942731
vt 0.985929 0.254511
vt 0.985934 0.280164
vt 0.968554 0.280188
vt 0.968550 0.254535
vt 0.374900 0.287535
vt 0.415974 0.535937
vt 0.412759 0.484759
vt 0.410630 0.622299
vt 0.411918 0.587134
vt 0.413138 0.553859
vt 0.408289 0.686176
vt 0.434430 0.476407
vt 0.244334 0.164317
vt 0.277696 0.121230
vt 0.562517 0.580711
vt 0.574875 0.590631
vt 0.396143 0.027107
vt 0.406771 0.027106
vt 0.024757 0.277522
vt 0.040018 0.268731
vt 0.192223 0.621985
vt 0.804175 0.786670
vt 0.779607 0.788762
vt 0.362534 0.020848
vt 0.258961 0.652553
vt 0.270144 0.667623
vt 0.731295 0.041113
vt 0.778397 0.055622
vt 0.418685 0.027105
vt 0.917054 0.467375
vt 0.881173 0.467386
vt 0.710137 0.889006
vt 0.746018 0.889025
vt 0.562063 0.580711
vt 0.307537 0.098478
vt 0.588725 0.590624
vt 0.055687 0.259704
vt 0.362013 0.014738
vt 0.049147 0.865497
vt 0.427405 0.471761
vt 0.804287 0.801738
vt 0.779725 0.804425
s 0
usemtl Material.002
f 368/1/1 348/2/1 7/3/1 308/4/1
f 306/5/2 293/6/2 1/7/2 276/8/2
f 365/9/3 354/10/3 4/11/3 274/12/3
f 435/13/1 423/14/1 42/15/1 277/16/1
f 304/17/4 19/18/4 252/19/4 302/20/4
f 278/21/5 43/22/5 5/23/5 273/24/5
f 437/25/6 285/26/6 20/27/6 426/28/6
f 367/29/7 292/30/7 14/31/7 350/32/7
f 273/33/1 5/34/1 45/35/1 280/36/1
f 43/22/8 47/37/8 57/38/8 5/23/8
f 305/39/9 282/40/9 43/22/9 278/21/9
f 379/41/10 286/42/10 22/43/10 372/44/10
f 339/45/11 284/46/11 15/47/11 309/48/11
f 380/49/12 352/50/12 13/51/12 370/52/12
f 49/53/13 376/54/13 405/55/13 392/56/13
f 438/57/1 421/58/1 12/59/1 310/60/1
f 374/61/8 21/62/8 10/63/8 369/64/8
f 357/65/14 246/66/14 266/67/14 361/68/14
f 369/69/1 10/70/1 32/71/1 376/72/1
f 425/73/6 11/74/6 28/75/6 424/76/6
f 283/77/6 287/78/6 30/79/6 8/80/6
f 349/81/15 6/82/15 37/83/15 351/84/15
f 298/85/16 289/86/16 29/87/16 235/88/16
f 370/89/17 13/90/17 26/91/17 371/92/17
f 317/93/18 78/94/18 53/95/18 313/96/18
f 378/97/8 290/98/8 21/62/8 374/61/8
f 381/99/19 34/100/19 41/101/19 387/102/19
f 3/103/6 25/104/6 18/105/6 36/106/6
f 32/107/20 92/108/20 399/109/20 400/110/20
f 391/111/21 291/112/21 38/113/21 383/114/21
f 234/115/22 27/116/22 17/117/22 239/118/22
f 382/119/23 35/120/23 16/121/23 386/122/23
f 390/123/24 288/124/24 9/125/24 388/126/24
f 368/127/25 308/128/25 377/129/25 418/130/25
f 388/131/26 9/132/26 34/100/26 381/99/26
f 5/34/1 57/133/1 49/134/1 45/35/1
f 69/135/27 66/136/27 58/137/27 59/138/27
f 282/40/8 294/139/8 47/37/8 43/22/8
f 274/140/28 4/141/28 2/142/28 275/143/28
f 103/144/29 102/145/29 100/146/29 99/147/29
f 80/148/30 79/149/30 52/150/30 51/151/30
f 316/152/31 80/153/31 51/154/31 312/155/31
f 78/156/32 81/157/32 50/158/32 53/159/32
f 373/160/33 380/161/33 414/162/33 404/163/33
f 354/10/34 355/164/34 56/165/34 4/11/34
f 293/6/35 295/166/35 54/167/35 1/7/35
f 58/168/36 61/169/36 60/170/36 59/171/36
f 66/172/37 67/173/37 61/174/37 58/175/37
f 67/176/38 68/177/38 60/170/38 61/169/38
f 68/178/39 69/179/39 59/180/39 60/181/39
f 55/182/40 2/183/40 63/184/40 65/185/40
f 56/186/41 55/187/41 65/188/41 64/189/41
f 4/11/42 56/165/42 64/190/42 62/191/42
f 2/192/43 4/193/43 62/194/43 63/195/43
f 63/184/44 69/179/44 340/196/44 341/197/44
f 67/173/45 64/190/45 71/198/45 72/199/45
f 62/191/46 64/190/46 67/173/46 66/172/46
f 63/195/27 62/194/27 66/136/27 69/135/27
f 71/200/47 70/201/47 73/202/47 72/203/47
f 64/204/48 65/205/48 70/206/48 71/207/48
f 65/185/49 68/178/49 73/208/49 70/209/49
f 68/177/50 67/176/50 72/210/50 73/211/50
f 7/212/51 33/213/51 77/214/51 74/215/51
f 307/216/52 16/217/52 76/218/52 314/219/52
f 16/220/53 35/221/53 75/222/53 76/223/53
f 308/4/54 7/3/54 74/224/54 315/225/54
f 74/215/55 77/214/55 81/157/55 78/156/55
f 314/219/56 76/218/56 80/153/56 316/152/56
f 79/149/57 80/148/57 84/226/57 82/227/57
f 315/225/58 74/224/58 78/94/58 317/93/58
f 85/228/59 83/229/59 82/230/59 84/231/59
f 75/232/60 79/233/60 82/230/60 83/229/60
f 76/234/61 75/235/61 83/236/61 85/237/61
f 80/153/62 76/218/62 85/238/62 84/239/62
f 21/62/63 93/240/63 86/241/63 10/63/63
f 352/50/64 356/242/64 87/243/64 13/51/64
f 290/98/63 296/244/63 93/240/63 21/62/63
f 26/245/65 13/246/65 95/247/65 97/248/65
f 286/42/66 297/249/66 88/250/66 22/43/66
f 422/251/67 39/252/67 402/253/67 440/254/67
f 10/70/1 86/255/1 92/256/1 32/71/1
f 95/257/68 94/258/68 96/259/68 97/260/68
f 13/51/69 87/243/69 94/261/69 95/262/69
f 87/263/70 91/264/70 96/265/70 94/266/70
f 91/267/71 26/268/71 97/269/71 96/270/71
f 319/271/72 101/272/72 98/273/72 318/274/72
f 321/275/1 104/276/1 101/277/1 319/278/1
f 320/279/73 103/280/73 108/281/73 323/282/73
f 150/283/74 105/284/74 178/285/74 184/286/74
f 106/287/75 98/273/75 174/288/75 179/289/75
f 328/290/76 150/283/76 113/291/76 325/292/76
f 321/293/77 102/294/77 203/295/77 336/296/77
f 118/297/78 120/298/78 102/299/78 103/300/78
f 323/301/79 108/302/79 107/303/79 322/304/79
f 318/274/72 98/273/72 106/287/72 322/305/72
f 105/306/80 109/307/80 180/308/80 178/309/80
f 103/144/81 99/147/81 107/310/81 108/311/81
f 326/312/79 122/313/79 112/314/79 325/315/79
f 121/316/1 53/95/1 172/317/1 177/318/1
f 101/277/1 104/276/1 175/319/1 173/320/1
f 117/321/79 111/322/79 139/323/79 141/324/79
f 156/325/82 154/326/82 116/327/82 125/328/82
f 114/329/1 103/300/1 127/330/1 129/331/1
f 118/297/1 103/300/1 114/329/1 124/332/1
f 122/313/79 111/322/79 117/321/79 125/333/79
f 112/314/79 122/313/79 125/333/79 116/334/79
f 51/335/1 118/297/1 124/332/1 115/336/1
f 155/337/83 156/325/83 125/328/83 117/338/83
f 113/291/74 150/283/74 184/286/74 185/339/74
f 324/340/79 111/322/79 122/313/79 326/312/79
f 51/151/84 52/150/84 120/341/84 118/342/84
f 313/96/1 53/95/1 121/316/1 327/343/1
f 53/344/85 50/345/85 170/346/85 172/347/85
f 129/331/1 127/330/1 131/348/1 133/349/1
f 151/350/86 112/351/86 126/352/86 158/353/86
f 112/314/79 116/334/79 128/354/79 126/355/79
f 154/326/87 114/356/87 129/357/87 159/358/87
f 130/359/79 132/360/79 136/361/79 134/362/79
f 159/363/88 129/364/88 133/365/88 161/366/88
f 126/355/79 128/354/79 132/360/79 130/359/79
f 158/367/89 126/368/89 130/369/89 160/370/89
f 162/371/90 134/372/90 136/373/90 163/374/90
f 160/375/91 130/376/91 134/377/91 162/378/91
f 133/349/92 131/348/92 135/379/92 137/380/92
f 161/366/93 133/365/93 137/381/93 163/382/93
f 141/324/79 139/323/79 143/383/79 145/384/79
f 155/337/94 117/338/94 141/385/94 165/386/94
f 153/387/95 51/388/95 138/389/95 164/390/95
f 51/335/96 115/336/96 140/391/96 138/392/96
f 142/393/1 144/394/1 148/395/1 146/396/1
f 165/386/97 141/385/97 145/397/97 167/398/97
f 138/392/1 140/391/1 144/394/1 142/393/1
f 164/390/98 138/389/98 142/399/98 166/400/98
f 168/401/99 146/402/99 148/403/99 169/404/99
f 166/400/100 142/399/100 146/405/100 168/406/100
f 145/384/79 143/383/79 147/407/79 149/408/79
f 167/409/101 145/410/101 149/411/101 169/412/101
f 144/413/102 167/409/102 169/412/102 148/414/102
f 143/415/103 166/400/103 168/406/103 147/416/103
f 147/417/104 168/401/104 169/404/104 149/418/104
f 139/419/105 164/390/105 166/400/105 143/415/105
f 140/420/106 165/386/106 167/398/106 144/421/106
f 111/422/107 153/387/107 164/390/107 139/419/107
f 115/423/108 155/337/108 165/386/108 140/420/108
f 132/424/109 161/425/109 163/374/109 136/373/109
f 131/426/91 160/375/91 162/378/91 135/427/91
f 135/428/110 162/371/110 163/374/110 137/429/110
f 127/430/89 158/367/89 160/370/89 131/431/89
f 128/432/111 159/358/111 161/425/111 132/424/111
f 116/327/112 154/326/112 159/358/112 128/432/112
f 103/433/86 151/350/86 158/353/86 127/434/86
f 110/435/79 123/436/79 183/437/79 181/438/79
f 115/423/113 124/439/113 156/325/113 155/337/113
f 124/439/114 114/356/114 154/326/114 156/325/114
f 335/440/79 196/441/79 192/442/79 332/443/79
f 109/444/79 106/445/79 179/446/79 180/447/79
f 320/448/76 105/284/76 150/283/76 328/290/76
f 175/449/115 178/450/115 174/451/115 173/452/115
f 177/453/116 176/454/116 178/450/116 175/449/116
f 174/451/115 178/450/115 180/455/115 179/456/115
f 188/457/116 186/458/116 181/459/116 183/460/116
f 197/461/117 198/462/117 191/463/117 194/464/117
f 184/465/116 188/457/116 183/460/116 185/455/116
f 172/466/116 170/467/116 176/454/116 177/453/116
f 178/450/116 176/454/116 188/457/116 184/465/116
f 187/468/118 195/469/118 152/470/118 157/471/118
f 176/454/116 170/467/116 186/458/116 188/457/116
f 123/436/79 113/472/79 185/473/79 183/437/79
f 196/474/119 197/461/119 194/464/119 192/475/119
f 324/340/79 110/435/79 181/438/79 330/476/79
f 312/477/120 51/478/120 171/479/120 329/480/120
f 104/276/1 121/316/1 177/318/1 175/319/1
f 98/273/75 101/272/75 173/481/75 174/288/75
f 119/482/121 157/483/121 190/484/121 189/485/121
f 333/486/122 190/484/122 193/487/122 332/488/122
f 331/489/123 189/485/123 190/484/123 333/486/123
f 157/483/124 152/490/124 193/487/124 190/484/124
f 201/491/125 200/492/125 119/493/125 189/494/125
f 334/495/126 201/491/126 189/494/126 331/496/126
f 195/497/79 199/498/79 193/499/79 152/500/79
f 200/501/118 187/468/118 157/471/118 119/502/118
f 51/503/118 153/504/118 187/468/118 200/501/118
f 111/322/79 182/505/79 199/498/79 195/497/79
f 329/506/1 171/507/1 201/491/1 334/495/1
f 171/507/127 51/508/127 200/492/127 201/491/127
f 181/459/119 186/458/119 197/461/119 196/474/119
f 153/504/118 111/509/118 195/469/118 187/468/118
f 186/458/119 170/467/119 198/462/119 197/461/119
f 330/476/79 181/438/79 196/441/79 335/440/79
f 337/510/1 204/511/1 205/512/1 336/513/1
f 211/514/128 210/515/128 209/516/128 207/517/128
f 327/518/129 121/519/129 204/520/129 337/521/129
f 102/522/130 120/523/130 202/524/130 203/525/130
f 206/526/131 207/527/131 209/528/131 208/529/131
f 210/530/132 212/531/132 208/532/132 209/533/132
f 212/534/133 213/535/133 206/536/133 208/537/133
f 219/538/134 218/539/134 214/540/134 215/541/134
f 233/542/135 222/543/135 211/544/135 213/545/135
f 230/546/136 233/547/136 213/535/136 212/534/136
f 227/548/137 230/549/137 212/531/137 210/530/137
f 222/550/138 227/551/138 210/515/138 211/514/138
f 216/552/79 217/553/79 215/554/79 214/555/79
f 220/556/139 219/557/139 215/558/139 217/559/139
f 218/560/140 221/561/140 216/562/140 214/563/140
f 221/564/141 220/565/141 217/566/141 216/567/141
f 213/568/142 211/569/142 220/565/142 221/564/142
f 206/536/143 213/535/143 221/561/143 218/560/143
f 211/514/144 207/517/144 219/557/144 220/556/144
f 207/527/145 206/526/145 218/539/145 219/538/145
f 104/570/146 205/571/146 225/572/146 224/573/146
f 224/573/146 225/572/146 226/574/146 223/575/146
f 223/575/146 226/574/146 227/551/146 222/550/146
f 205/512/147 204/511/147 228/576/147 225/577/147
f 225/577/147 228/576/147 229/578/147 226/579/147
f 226/579/147 229/578/147 230/549/147 227/548/147
f 204/520/148 121/519/148 231/580/148 228/581/148
f 228/581/148 231/580/148 232/582/148 229/583/148
f 229/583/148 232/582/148 233/547/148 230/546/148
f 121/584/149 104/585/149 224/586/149 231/587/149
f 231/587/149 224/586/149 223/588/149 232/589/149
f 232/589/149 223/588/149 222/543/149 233/542/149
f 242/590/150 45/591/150 393/592/150 403/593/150
f 452/594/151 242/590/151 403/593/151 466/595/151
f 303/596/152 31/597/152 248/598/152 300/599/152
f 387/102/153 41/101/153 241/600/153 389/601/153
f 246/66/154 254/602/154 261/603/154 266/67/154
f 25/104/6 238/604/6 236/605/6 18/105/6
f 311/606/155 27/116/155 234/115/155 338/607/155
f 23/608/156 373/609/156 404/610/156 397/611/156
f 287/78/157 299/612/157 240/613/157 30/79/157
f 280/36/1 45/35/1 242/614/1 281/615/1
f 366/616/158 301/617/158 251/618/158 358/619/158
f 357/65/159 245/620/159 250/621/159 359/622/159
f 453/623/160 247/624/160 253/625/160 455/626/160
f 462/627/160 302/628/160 252/629/160 454/630/160
f 256/631/4 257/632/4 253/633/4 247/634/4
f 31/597/161 254/602/161 246/66/161 248/598/161
f 33/635/162 7/636/162 254/602/162 31/597/162
f 234/637/163 239/638/163 257/632/163 256/631/163
f 450/639/164 234/640/164 269/641/164 459/642/164
f 284/46/165 33/635/165 31/597/165 303/596/165
f 256/631/166 247/634/166 264/643/166 263/644/166
f 298/645/167 235/646/167 19/18/167 304/17/167
f 362/647/168 262/648/168 265/649/168 361/650/168
f 458/651/169 263/652/169 264/653/169 457/654/169
f 456/655/170 260/656/170 263/652/170 458/651/170
f 360/657/171 258/658/171 262/648/171 362/647/171
f 234/637/172 256/631/172 263/644/172 260/659/172
f 259/660/173 7/661/173 268/662/173 272/663/173
f 254/664/174 7/665/174 259/666/174 261/667/174
f 427/668/175 245/620/175 265/669/175 431/670/175
f 459/671/176 269/672/176 271/673/176 460/674/176
f 363/675/177 267/676/177 270/677/177 364/678/177
f 234/679/178 260/680/178 271/673/178 269/672/178
f 360/657/179 259/666/179 272/681/179 364/682/179
f 348/683/180 12/684/180 267/685/180 363/686/180
f 430/687/181 258/658/181 270/688/181 434/689/181
f 25/690/1 280/36/1 281/615/1 238/691/1
f 6/692/182 274/140/182 275/143/182 37/693/182
f 283/694/9 305/39/9 278/21/9 36/695/9
f 3/696/1 273/33/1 280/36/1 25/690/1
f 36/695/183 278/21/183 273/24/183 3/697/183
f 425/698/1 435/13/1 277/16/1 11/699/1
f 349/700/1 365/9/1 274/12/1 6/701/1
f 292/702/184 306/5/184 276/8/184 14/703/184
f 37/693/185 275/143/185 306/5/185 292/702/185
f 8/704/9 279/705/9 305/39/9 283/694/9
f 239/638/167 298/645/167 304/17/167 257/632/167
f 15/47/186 284/46/186 303/596/186 255/706/186
f 455/626/160 253/625/160 302/628/160 462/627/160
f 359/622/187 250/621/187 301/617/187 366/616/187
f 18/105/188 236/605/188 299/612/188 287/78/188
f 255/706/189 303/596/189 300/599/189 249/707/189
f 26/91/190 91/708/190 297/249/190 286/42/190
f 24/709/63 90/710/63 296/244/63 290/98/63
f 2/142/191 55/711/191 295/166/191 293/6/191
f 44/712/8 48/713/8 294/139/8 282/40/8
f 385/714/24 40/715/24 288/124/24 390/123/24
f 386/122/192 16/121/192 291/112/192 391/111/192
f 375/716/8 24/709/8 290/98/8 378/97/8
f 239/717/16 17/718/16 289/86/16 298/85/16
f 36/106/6 18/105/6 287/78/6 283/77/6
f 307/719/193 33/635/193 284/46/193 339/45/193
f 371/92/194 26/91/194 286/42/194 379/41/194
f 279/705/9 44/712/9 282/40/9 305/39/9
f 351/84/195 37/83/195 292/30/195 367/29/195
f 424/76/196 28/75/196 285/26/196 437/25/196
f 257/632/4 304/17/4 302/20/4 253/633/4
f 275/143/197 2/142/197 293/6/197 306/5/197
f 16/121/198 307/719/198 339/45/198 291/112/198
f 41/101/199 311/606/199 338/607/199 241/600/199
f 120/720/200 327/518/200 337/521/200 202/721/200
f 202/722/1 337/510/1 336/513/1 203/723/1
f 182/505/79 330/476/79 335/440/79 199/498/79
f 170/724/1 329/506/1 334/495/1 198/725/1
f 198/725/126 334/495/126 331/496/126 191/726/126
f 191/727/201 331/489/201 333/486/201 194/728/201
f 194/728/122 333/486/122 332/488/122 192/729/122
f 50/730/202 312/477/202 329/480/202 170/731/202
f 111/322/79 324/340/79 330/476/79 182/505/79
f 103/732/76 320/448/76 328/290/76 151/733/76
f 199/498/79 335/440/79 332/443/79 193/499/79
f 52/734/1 313/96/1 327/343/1 120/735/1
f 110/435/79 324/340/79 326/312/79 123/436/79
f 123/436/79 326/312/79 325/315/79 113/472/79
f 99/736/72 318/274/72 322/305/72 107/737/72
f 109/444/79 323/301/79 322/304/79 106/445/79
f 104/570/203 321/293/203 336/296/203 205/571/203
f 151/733/76 328/290/76 325/292/76 112/738/76
f 105/306/204 320/279/204 323/282/204 109/307/204
f 102/739/1 321/275/1 319/278/1 100/740/1
f 100/741/72 319/271/72 318/274/72 99/736/72
f 75/232/205 315/225/205 317/93/205 79/233/205
f 77/742/206 314/219/206 316/152/206 81/743/206
f 35/744/207 308/4/207 315/225/207 75/232/207
f 33/745/52 307/216/52 314/219/52 77/742/52
f 81/743/208 316/152/208 312/155/208 50/746/208
f 79/233/209 317/93/209 313/96/209 52/734/209
f 422/747/1 438/57/1 310/60/1 39/748/1
f 291/112/210 339/45/210 309/48/210 38/113/210
f 35/120/211 382/119/211 237/749/211 244/750/211
f 343/751/212 342/752/212 346/753/212 347/754/212
f 69/179/213 68/178/213 343/755/213 340/196/213
f 68/178/214 65/185/214 342/756/214 343/755/214
f 65/185/215 63/184/215 341/197/215 342/756/215
f 346/757/79 345/758/79 344/759/79 347/760/79
f 341/761/216 340/762/216 344/763/216 345/764/216
f 340/765/217 343/766/217 347/767/217 344/768/217
f 342/769/218 341/770/218 345/771/218 346/772/218
f 39/748/1 310/60/1 368/1/1 353/773/1
f 28/75/219 351/84/219 367/29/219 285/26/219
f 248/598/220 359/622/220 366/616/220 300/599/220
f 11/699/1 277/16/1 365/9/1 349/700/1
f 7/774/221 348/683/221 363/686/221 268/775/221
f 258/658/222 360/657/222 364/682/222 270/688/222
f 268/662/223 363/675/223 364/678/223 272/663/223
f 259/666/224 360/657/224 362/647/224 261/667/224
f 261/667/225 362/647/225 361/650/225 266/776/225
f 246/66/226 357/65/226 359/622/226 248/598/226
f 300/599/227 366/616/227 358/619/227 249/707/227
f 23/777/228 89/778/228 356/242/228 352/50/228
f 45/779/13 49/53/13 392/56/13 393/780/13
f 87/781/229 356/782/229 417/783/229 46/784/229
f 11/74/15 349/81/15 351/84/15 28/75/15
f 245/620/230 357/65/230 361/68/230 265/669/230
f 373/785/231 23/777/231 352/50/231 380/49/231
f 285/26/232 367/29/232 350/32/232 20/27/232
f 277/16/1 42/15/1 354/10/1 365/9/1
f 310/60/1 12/59/1 348/2/1 368/1/1
f 39/786/233 384/787/233 407/788/233 402/789/233
f 55/711/234 371/92/234 379/41/234 295/166/234
f 48/713/8 375/716/8 378/97/8 294/139/8
f 380/790/235 355/791/235 413/792/235 414/793/235
f 294/139/8 378/97/8 374/61/8 47/37/8
f 56/794/236 370/89/236 371/92/236 55/711/236
f 57/133/1 369/69/1 376/72/1 49/134/1
f 47/37/8 374/61/8 369/64/8 57/38/8
f 92/108/237 387/795/237 408/796/237 399/109/237
f 355/164/238 380/49/238 370/52/238 56/165/238
f 295/166/239 379/41/239 372/44/239 54/167/239
f 308/128/240 35/120/240 244/750/240 377/129/240
f 91/708/241 386/122/241 391/111/241 297/249/241
f 90/710/24 385/714/24 390/123/24 296/244/24
f 354/797/242 42/798/242 395/799/242 412/800/242
f 93/801/243 388/131/243 381/99/243 86/255/243
f 384/802/244 39/803/244 419/804/244 415/805/244
f 296/244/24 390/123/24 388/126/24 93/240/24
f 87/806/245 382/119/245 386/122/245 91/708/245
f 297/249/246 391/111/246 383/114/246 88/250/246
f 389/807/247 241/808/247 401/809/247 410/810/247
f 86/255/248 381/99/248 387/102/248 92/256/248
f 444/811/1 439/812/1 397/813/1 404/814/1
f 445/815/249 440/816/249 402/817/249 407/818/249
f 441/819/1 442/820/1 394/821/1 395/822/1
f 439/812/1 443/823/1 398/824/1 397/813/1
f 400/825/1 399/826/1 409/827/1 396/828/1
f 393/829/1 392/830/1 406/831/1 403/832/1
f 405/833/1 400/825/1 396/828/1 411/834/1
f 395/822/1 394/821/1 413/835/1 412/836/1
f 394/821/250 404/814/250 414/837/250 413/835/250
f 392/830/1 405/833/1 411/834/1 406/831/1
f 442/820/1 444/811/1 404/814/1 394/821/1
f 399/826/251 408/838/251 410/839/251 409/827/251
f 443/823/252 445/815/252 407/818/252 398/824/252
f 355/791/253 354/840/253 412/841/253 413/792/253
f 376/54/13 32/107/13 400/110/13 405/55/13
f 89/842/254 23/608/254 397/611/254 398/843/254
f 384/787/233 89/842/233 398/843/233 407/788/233
f 387/844/255 389/807/255 410/810/255 408/845/255
f 420/846/256 243/847/256 244/848/256 237/849/256
f 243/847/1 418/850/1 377/851/1 244/848/1
f 415/852/257 419/853/257 243/847/257 420/846/257
f 416/854/258 415/852/258 420/846/258 417/855/258
f 417/855/259 420/846/259 237/849/259 46/856/259
f 89/857/244 384/802/244 415/805/244 416/858/244
f 353/859/260 368/860/260 418/861/260 243/862/260
f 356/782/261 89/863/261 416/864/261 417/783/261
f 39/865/262 353/866/262 243/867/262 419/868/262
f 382/119/211 87/806/211 46/869/211 237/749/211
f 468/870/252 470/871/252 445/815/252 443/823/252
f 467/872/1 469/873/1 444/811/1 442/820/1
f 464/874/1 468/870/1 443/823/1 439/812/1
f 466/875/1 467/872/1 442/820/1 441/819/1
f 470/871/263 465/876/263 440/816/263 445/815/263
f 469/873/1 464/874/1 439/812/1 444/811/1
f 451/877/1 463/878/1 438/57/1 422/747/1
f 446/879/196 424/76/196 437/25/196 449/880/196
f 250/621/160 429/881/160 436/882/160 301/617/160
f 447/883/1 461/884/1 435/13/1 425/698/1
f 456/655/264 430/687/264 434/689/264 460/885/264
f 267/676/265 433/886/265 434/887/265 270/677/265
f 453/623/266 427/668/266 431/670/266 457/888/266
f 258/658/267 430/687/267 432/889/267 262/648/267
f 262/648/268 432/889/268 431/890/268 265/649/268
f 12/684/269 421/891/269 433/892/269 267/685/269
f 301/617/160 436/882/160 428/893/160 251/618/160
f 245/620/160 427/668/160 429/881/160 250/621/160
f 42/798/151 423/894/151 441/895/151 395/799/151
f 451/896/67 422/251/67 440/254/67 465/897/67
f 447/898/6 425/73/6 424/76/6 446/879/6
f 463/878/1 450/899/1 421/58/1 438/57/1
f 449/880/6 437/25/6 426/28/6 448/900/6
f 461/884/1 452/901/1 423/14/1 435/13/1
f 281/615/1 242/614/1 452/901/1 461/884/1
f 299/612/6 449/880/6 448/900/6 240/613/6
f 338/607/1 234/115/1 450/899/1 463/878/1
f 238/604/6 447/898/6 446/879/6 236/605/6
f 241/808/67 451/896/67 465/897/67 401/809/67
f 247/624/270 453/623/270 457/888/270 264/902/270
f 260/680/271 456/903/271 460/674/271 271/673/271
f 238/691/1 281/615/1 461/884/1 447/883/1
f 236/605/196 446/879/196 449/880/196 299/612/196
f 241/600/1 338/607/1 463/878/1 451/877/1
f 411/834/1 396/828/1 464/874/1 469/873/1
f 410/839/272 401/904/272 465/876/272 470/871/272
f 403/832/1 406/831/1 467/872/1 466/875/1
f 396/828/1 409/827/1 468/870/1 464/874/1
f 406/831/1 411/834/1 469/873/1 467/872/1
f 409/827/252 410/839/252 470/871/252 468/870/252
f 429/881/160 455/626/160 462/627/160 436/882/160
f 433/886/273 459/905/273 460/906/273 434/887/273
f 430/687/274 456/655/274 458/651/274 432/889/274
f 432/889/275 458/651/275 457/654/275 431/890/275
f 421/891/79 450/639/79 459/642/79 433/892/79
f 436/882/160 462/627/160 454/630/160 428/893/160
f 427/668/160 453/623/160 455/626/160 429/881/160
f 423/894/151 452/594/151 466/595/151 441/895/151
f 757/1/79 712/4/79 476/3/79 739/2/79
f 710/5/276 276/8/276 1/7/276 697/6/276
f 754/9/277 680/12/277 473/11/277 744/10/277
f 818/13/79 682/16/79 500/15/79 808/14/79
f 708/17/4 706/20/4 252/19/4 19/18/4
f 683/21/9 679/24/9 474/23/9 501/22/9
f 820/25/6 426/28/6 20/27/6 689/26/6
f 756/29/278 350/32/278 14/31/278 696/30/278
f 679/33/79 684/36/79 502/35/79 474/34/79
f 501/22/8 474/23/8 512/38/8 504/37/8
f 709/39/9 683/21/9 501/22/9 686/40/9
f 766/41/279 372/44/279 22/43/279 690/42/279
f 734/45/210 309/48/210 15/47/210 688/46/210
f 767/49/280 759/52/280 481/51/280 742/50/280
f 505/53/281 777/56/281 790/55/281 763/54/281
f 821/57/79 713/60/79 480/59/79 806/58/79
f 762/61/8 758/64/8 478/63/8 485/62/8
f 747/65/282 750/68/282 672/67/282 656/66/282
f 758/69/79 763/72/79 492/71/79 478/70/79
f 810/73/6 809/76/6 490/75/6 479/74/6
f 687/77/6 8/80/6 30/79/6 691/78/6
f 740/81/15 741/84/15 497/83/15 475/82/15
f 702/85/16 235/88/16 29/87/16 693/86/16
f 759/89/17 760/92/17 488/91/17 481/90/17
f 720/93/283 716/96/283 509/95/283 533/94/283
f 765/97/8 762/61/8 485/62/8 694/98/8
f 768/99/284 772/102/284 499/101/284 494/100/284
f 472/103/6 496/106/6 484/105/6 487/104/6
f 492/107/285 785/110/285 784/109/285 545/108/285
f 776/111/286 383/114/286 38/113/286 695/112/286
f 646/115/287 650/118/287 483/117/287 489/116/287
f 769/119/288 771/122/288 482/121/288 495/120/288
f 775/123/24 773/126/24 477/125/24 692/124/24
f 757/127/289 803/130/289 764/129/289 712/128/289
f 773/131/290 768/99/290 494/100/290 477/132/290
f 474/34/79 502/35/79 505/134/79 512/133/79
f 524/135/27 514/138/27 513/137/27 521/136/27
f 686/40/8 501/22/8 504/37/8 698/139/8
f 680/140/291 681/143/291 471/142/291 473/141/291
f 556/144/292 552/147/292 553/146/292 555/145/292
f 535/148/293 507/151/293 508/150/293 534/149/293
f 719/152/294 715/155/294 507/154/294 535/153/294
f 533/156/295 509/159/295 506/158/295 536/157/295
f 761/160/296 789/163/296 799/162/296 767/161/296
f 744/10/297 473/11/297 511/165/297 745/164/297
f 697/6/298 1/7/298 54/167/298 699/166/298
f 513/168/36 514/171/36 515/170/36 516/169/36
f 521/172/299 513/175/299 516/174/299 522/173/299
f 522/176/300 516/169/300 515/170/300 523/177/300
f 523/178/301 515/181/301 514/180/301 524/179/301
f 510/182/302 520/185/302 518/184/302 471/183/302
f 511/186/303 519/189/303 520/188/303 510/187/303
f 473/11/304 517/191/304 519/190/304 511/165/304
f 471/192/305 518/195/305 517/194/305 473/193/305
f 518/184/306 736/197/306 735/196/306 524/179/306
f 522/173/307 527/199/307 526/198/307 519/190/307
f 517/191/308 521/172/308 522/173/308 519/190/308
f 518/195/27 524/135/27 521/136/27 517/194/27
f 526/200/309 527/203/309 528/202/309 525/201/309
f 519/204/310 526/207/310 525/206/310 520/205/310
f 520/185/311 525/209/311 528/208/311 523/178/311
f 523/177/312 528/211/312 527/210/312 522/176/312
f 476/212/313 529/215/313 532/214/313 493/213/313
f 711/216/314 717/219/314 531/218/314 482/217/314
f 482/220/315 531/223/315 530/222/315 495/221/315
f 712/4/316 718/225/316 529/224/316 476/3/316
f 529/215/317 533/156/317 536/157/317 532/214/317
f 717/219/318 719/152/318 535/153/318 531/218/318
f 534/149/319 537/227/319 539/226/319 535/148/319
f 718/225/320 720/93/320 533/94/320 529/224/320
f 540/228/321 539/231/321 537/230/321 538/229/321
f 530/232/62 538/229/62 537/230/62 534/233/62
f 531/234/322 540/237/322 538/236/322 530/235/322
f 535/153/60 539/239/60 540/238/60 531/218/60
f 485/62/63 478/63/63 541/241/63 546/240/63
f 742/50/323 481/51/323 542/243/323 746/242/323
f 694/98/63 485/62/63 546/240/63 700/244/63
f 488/245/65 550/248/65 548/247/65 481/246/65
f 690/42/324 22/43/324 88/250/324 701/249/324
f 807/251/325 823/254/325 787/253/325 498/252/325
f 478/70/79 492/71/79 545/256/79 541/255/79
f 548/257/326 550/260/326 549/259/326 547/258/326
f 481/51/327 548/262/327 547/261/327 542/243/327
f 542/263/328 547/266/328 549/265/328 544/264/328
f 544/267/329 549/270/329 550/269/329 488/268/329
f 722/271/72 721/274/72 551/273/72 554/272/72
f 724/275/79 722/278/79 554/277/79 557/276/79
f 723/279/330 323/282/330 108/281/330 556/280/330
f 578/283/74 606/286/74 605/285/74 558/284/74
f 106/287/75 179/289/75 601/288/75 551/273/75
f 726/290/76 325/292/76 113/291/76 578/283/76
f 724/293/331 731/296/331 619/295/331 555/294/331
f 561/297/332 556/300/332 555/299/332 563/298/332
f 721/274/72 322/305/72 106/287/72 551/273/72
f 558/306/80 605/309/80 180/308/80 109/307/80
f 556/144/333 108/311/333 107/310/333 552/147/333
f 564/316/79 604/318/79 599/317/79 509/95/79
f 554/277/79 600/320/79 602/319/79 557/276/79
f 583/325/82 125/328/82 116/327/82 581/326/82
f 559/329/79 567/331/79 566/330/79 556/300/79
f 561/297/79 565/332/79 559/329/79 556/300/79
f 507/335/79 560/336/79 565/332/79 561/297/79
f 582/337/83 117/338/83 125/328/83 583/325/83
f 113/291/74 185/339/74 606/286/74 578/283/74
f 507/151/334 561/342/334 563/341/334 508/150/334
f 716/96/79 725/343/79 564/316/79 509/95/79
f 509/344/85 599/347/85 597/346/85 506/345/85
f 567/331/79 569/349/79 568/348/79 566/330/79
f 579/350/86 585/353/86 126/352/86 112/351/86
f 581/326/335 586/358/335 567/357/335 559/356/335
f 586/363/336 588/366/336 569/365/336 567/364/336
f 585/367/89 587/370/89 130/369/89 126/368/89
f 589/371/90 590/374/90 136/373/90 134/372/90
f 587/375/91 589/378/91 134/377/91 130/376/91
f 569/349/337 571/380/337 570/379/337 568/348/337
f 588/366/338 590/382/338 571/381/338 569/365/338
f 582/337/339 592/386/339 141/385/339 117/338/339
f 580/387/340 591/390/340 572/389/340 507/388/340
f 507/335/341 572/392/341 573/391/341 560/336/341
f 574/393/79 576/396/79 577/395/79 575/394/79
f 592/386/342 594/398/342 145/397/342 141/385/342
f 572/392/79 574/393/79 575/394/79 573/391/79
f 591/390/343 593/400/343 574/399/343 572/389/343
f 595/401/344 596/404/344 577/403/344 576/402/344
f 593/400/345 595/406/345 576/405/345 574/399/345
f 594/409/346 596/412/346 149/411/346 145/410/346
f 575/413/347 577/414/347 596/412/347 594/409/347
f 143/415/348 147/416/348 595/406/348 593/400/348
f 147/417/349 149/418/349 596/404/349 595/401/349
f 139/419/350 143/415/350 593/400/350 591/390/350
f 573/420/351 575/421/351 594/398/351 592/386/351
f 111/422/352 139/419/352 591/390/352 580/387/352
f 560/423/353 573/420/353 592/386/353 582/337/353
f 132/424/109 136/373/109 590/374/109 588/425/109
f 568/426/91 570/427/91 589/378/91 587/375/91
f 570/428/354 571/429/354 590/374/354 589/371/354
f 566/430/89 568/431/89 587/370/89 585/367/89
f 128/432/111 132/424/111 588/425/111 586/358/111
f 116/327/112 128/432/112 586/358/112 581/326/112
f 556/433/86 566/434/86 585/353/86 579/350/86
f 560/423/355 582/337/355 583/325/355 565/439/355
f 565/439/356 583/325/356 581/326/356 559/356/356
f 723/448/76 726/290/76 578/283/76 558/284/76
f 602/449/115 600/452/115 601/451/115 605/450/115
f 604/453/116 602/449/116 605/450/116 603/454/116
f 601/451/115 179/456/115 180/455/115 605/450/115
f 609/457/116 183/460/116 181/459/116 607/458/116
f 614/461/357 613/464/357 612/463/357 615/462/357
f 606/465/116 185/455/116 183/460/116 609/457/116
f 599/466/116 604/453/116 603/454/116 597/467/116
f 605/450/116 606/465/116 609/457/116 603/454/116
f 608/468/118 584/471/118 152/470/118 195/469/118
f 603/454/116 609/457/116 607/458/116 597/467/116
f 196/474/119 192/475/119 613/464/119 614/461/119
f 715/477/358 727/480/358 598/479/358 507/478/358
f 557/276/79 602/319/79 604/318/79 564/316/79
f 551/273/75 601/288/75 600/481/75 554/272/75
f 562/482/359 610/485/359 611/484/359 584/483/359
f 729/486/122 332/488/122 193/487/122 611/484/122
f 728/489/360 729/486/360 611/484/360 610/485/360
f 584/483/124 611/484/124 193/487/124 152/490/124
f 617/491/361 610/494/361 562/493/361 616/492/361
f 730/495/362 728/496/362 610/494/362 617/491/362
f 616/501/118 562/502/118 584/471/118 608/468/118
f 507/503/118 616/501/118 608/468/118 580/504/118
f 727/506/79 730/495/79 617/491/79 598/507/79
f 598/507/363 617/491/363 616/492/363 507/508/363
f 181/459/119 196/474/119 614/461/119 607/458/119
f 580/504/118 608/468/118 195/469/118 111/509/118
f 607/458/119 614/461/119 615/462/119 597/467/119
f 732/510/79 731/513/79 621/512/79 620/511/79
f 627/514/364 623/517/364 625/516/364 626/515/364
f 725/518/365 732/521/365 620/520/365 564/519/365
f 555/522/366 619/525/366 618/524/366 563/523/366
f 622/526/367 624/529/367 625/528/367 623/527/367
f 626/530/368 625/533/368 624/532/368 628/531/368
f 628/534/369 624/537/369 622/536/369 629/535/369
f 631/538/370 215/541/370 214/540/370 630/539/370
f 645/542/371 629/545/371 627/544/371 634/543/371
f 642/546/372 628/534/372 629/535/372 645/547/372
f 639/548/373 626/530/373 628/531/373 642/549/373
f 634/550/374 627/514/374 626/515/374 639/551/374
f 632/556/375 217/559/375 215/558/375 631/557/375
f 630/560/376 214/563/376 216/562/376 633/561/376
f 633/564/377 216/567/377 217/566/377 632/565/377
f 629/568/378 633/564/378 632/565/378 627/569/378
f 622/536/379 630/560/379 633/561/379 629/535/379
f 627/514/380 632/556/380 631/557/380 623/517/380
f 623/527/381 631/538/381 630/539/381 622/526/381
f 557/570/382 636/573/382 637/572/382 621/571/382
f 636/573/382 635/575/382 638/574/382 637/572/382
f 635/575/382 634/550/382 639/551/382 638/574/382
f 621/512/383 637/577/383 640/576/383 620/511/383
f 637/577/383 638/579/383 641/578/383 640/576/383
f 638/579/383 639/548/383 642/549/383 641/578/383
f 620/520/384 640/581/384 643/580/384 564/519/384
f 640/581/384 641/583/384 644/582/384 643/580/384
f 641/583/384 642/546/384 645/547/384 644/582/384
f 564/584/385 643/587/385 636/586/385 557/585/385
f 643/587/385 644/589/385 635/588/385 636/586/385
f 644/589/385 645/542/385 634/543/385 635/588/385
f 652/590/386 788/593/386 778/592/386 502/591/386
f 834/594/387 847/595/387 788/593/387 652/590/387
f 707/596/388 704/599/388 658/598/388 491/597/388
f 772/102/389 774/601/389 651/600/389 499/101/389
f 656/66/390 672/67/390 667/603/390 661/602/390
f 487/104/6 484/105/6 647/605/6 649/604/6
f 714/606/391 733/607/391 646/115/391 489/116/391
f 486/608/392 782/611/392 789/610/392 761/609/392
f 691/78/157 30/79/157 240/613/157 703/612/157
f 684/36/79 685/615/79 652/614/79 502/35/79
f 755/616/393 358/619/393 251/618/393 705/617/393
f 747/65/159 748/622/159 659/621/159 655/620/159
f 835/623/160 836/626/160 660/625/160 657/624/160
f 843/627/160 454/630/160 252/629/160 706/628/160
f 662/631/4 657/634/4 660/633/4 663/632/4
f 491/597/394 658/598/394 656/66/394 661/602/394
f 493/635/395 491/597/395 661/602/395 476/636/395
f 646/637/163 662/631/163 663/632/163 650/638/163
f 832/639/396 840/642/396 675/641/396 646/640/396
f 688/46/397 707/596/397 491/597/397 493/635/397
f 662/631/398 669/644/398 670/643/398 657/634/398
f 702/645/167 708/17/167 19/18/167 235/646/167
f 751/647/399 750/650/399 671/649/399 668/648/399
f 839/651/400 838/654/400 670/653/400 669/652/400
f 837/655/401 839/651/401 669/652/401 666/656/401
f 749/657/402 751/647/402 668/648/402 664/658/402
f 646/637/403 666/659/403 669/644/403 662/631/403
f 665/660/404 678/663/404 674/662/404 476/661/404
f 661/664/405 667/667/405 665/666/405 476/665/405
f 811/668/406 814/670/406 671/669/406 655/620/406
f 840/671/407 841/674/407 677/673/407 675/672/407
f 752/675/408 753/678/408 676/677/408 673/676/408
f 646/679/409 675/672/409 677/673/409 666/680/409
f 749/657/410 753/682/410 678/681/410 665/666/410
f 739/683/411 752/686/411 673/685/411 480/684/411
f 813/687/412 817/689/412 676/688/412 664/658/412
f 487/690/79 649/691/79 685/615/79 684/36/79
f 475/692/182 497/693/182 681/143/182 680/140/182
f 687/694/9 496/695/9 683/21/9 709/39/9
f 472/696/79 487/690/79 684/36/79 679/33/79
f 496/695/183 472/697/183 679/24/183 683/21/183
f 810/698/79 479/699/79 682/16/79 818/13/79
f 740/700/79 475/701/79 680/12/79 754/9/79
f 696/702/413 14/703/413 276/8/413 710/5/413
f 497/693/414 696/702/414 710/5/414 681/143/414
f 8/704/9 687/694/9 709/39/9 279/705/9
f 650/638/167 663/632/167 708/17/167 702/645/167
f 15/47/415 255/706/415 707/596/415 688/46/415
f 836/626/160 843/627/160 706/628/160 660/625/160
f 748/622/416 755/616/416 705/617/416 659/621/416
f 484/105/417 691/78/417 703/612/417 647/605/417
f 255/706/418 249/707/418 704/599/418 707/596/418
f 488/91/419 690/42/419 701/249/419 544/708/419
f 24/709/63 694/98/63 700/244/63 90/710/63
f 471/142/420 697/6/420 699/166/420 510/711/420
f 44/712/8 686/40/8 698/139/8 48/713/8
f 385/714/24 775/123/24 692/124/24 40/715/24
f 771/122/421 776/111/421 695/112/421 482/121/421
f 375/716/8 765/97/8 694/98/8 24/709/8
f 650/717/16 702/85/16 693/86/16 483/718/16
f 496/106/6 687/77/6 691/78/6 484/105/6
f 711/719/198 734/45/198 688/46/198 493/635/198
f 760/92/422 766/41/422 690/42/422 488/91/422
f 279/705/9 709/39/9 686/40/9 44/712/9
f 741/84/423 756/29/423 696/30/423 497/83/423
f 809/76/424 820/25/424 689/26/424 490/75/424
f 663/632/4 660/633/4 706/20/4 708/17/4
f 681/143/425 710/5/425 697/6/425 471/142/425
f 482/121/193 695/112/193 734/45/193 711/719/193
f 499/101/426 651/600/426 733/607/426 714/606/426
f 563/720/427 618/721/427 732/521/427 725/518/427
f 618/722/79 619/723/79 731/513/79 732/510/79
f 597/724/79 615/725/79 730/495/79 727/506/79
f 615/725/362 612/726/362 728/496/362 730/495/362
f 612/727/428 613/728/428 729/486/428 728/489/428
f 613/728/122 192/729/122 332/488/122 729/486/122
f 506/730/429 597/731/429 727/480/429 715/477/429
f 556/732/76 579/733/76 726/290/76 723/448/76
f 508/734/79 563/735/79 725/343/79 716/96/79
f 552/736/72 107/737/72 322/305/72 721/274/72
f 557/570/430 621/571/430 731/296/430 724/293/430
f 579/733/76 112/738/76 325/292/76 726/290/76
f 558/306/431 109/307/431 323/282/431 723/279/431
f 555/739/79 553/740/79 722/278/79 724/275/79
f 553/741/72 552/736/72 721/274/72 722/271/72
f 530/232/432 534/233/432 720/93/432 718/225/432
f 532/742/433 536/743/433 719/152/433 717/219/433
f 495/744/434 530/232/434 718/225/434 712/4/434
f 493/745/314 532/742/314 717/219/314 711/216/314
f 536/743/435 506/746/435 715/155/435 719/152/435
f 534/233/436 508/734/436 716/96/436 720/93/436
f 807/747/79 498/748/79 713/60/79 821/57/79
f 695/112/11 38/113/11 309/48/11 734/45/11
f 495/120/437 654/750/437 648/749/437 769/119/437
f 738/751/438 347/754/438 346/753/438 737/752/438
f 524/179/439 735/196/439 738/755/439 523/178/439
f 523/178/440 738/755/440 737/756/440 520/185/440
f 520/185/441 737/756/441 736/197/441 518/184/441
f 736/761/442 345/764/442 344/763/442 735/762/442
f 735/765/443 344/768/443 347/767/443 738/766/443
f 737/769/444 346/772/444 345/771/444 736/770/444
f 498/748/79 743/773/79 757/1/79 713/60/79
f 490/75/445 689/26/445 756/29/445 741/84/445
f 658/598/446 704/599/446 755/616/446 748/622/446
f 479/699/79 740/700/79 754/9/79 682/16/79
f 476/774/447 674/775/447 752/686/447 739/683/447
f 664/658/448 676/688/448 753/682/448 749/657/448
f 674/662/449 678/663/449 753/678/449 752/675/449
f 665/666/450 667/667/450 751/647/450 749/657/450
f 667/667/451 672/776/451 750/650/451 751/647/451
f 656/66/452 658/598/452 748/622/452 747/65/452
f 704/599/453 249/707/453 358/619/453 755/616/453
f 486/777/454 742/50/454 746/242/454 543/778/454
f 502/779/281 778/780/281 777/56/281 505/53/281
f 542/781/455 503/784/455 802/783/455 746/782/455
f 479/74/15 490/75/15 741/84/15 740/81/15
f 655/620/456 671/669/456 750/68/456 747/65/456
f 761/785/457 767/49/457 742/50/457 486/777/457
f 689/26/458 20/27/458 350/32/458 756/29/458
f 682/16/79 754/9/79 744/10/79 500/15/79
f 713/60/79 757/1/79 739/2/79 480/59/79
f 498/786/233 787/789/233 792/788/233 770/787/233
f 510/711/459 699/166/459 766/41/459 760/92/459
f 48/713/8 698/139/8 765/97/8 375/716/8
f 767/790/460 799/793/460 798/792/460 745/791/460
f 698/139/8 504/37/8 762/61/8 765/97/8
f 511/794/461 510/711/461 760/92/461 759/89/461
f 512/133/79 505/134/79 763/72/79 758/69/79
f 504/37/8 512/38/8 758/64/8 762/61/8
f 545/108/462 784/109/462 793/796/462 772/795/462
f 745/164/463 511/165/463 759/52/463 767/49/463
f 699/166/464 54/167/464 372/44/464 766/41/464
f 712/128/465 764/129/465 654/750/465 495/120/465
f 544/708/466 701/249/466 776/111/466 771/122/466
f 90/710/24 700/244/24 775/123/24 385/714/24
f 744/797/467 797/800/467 780/799/467 500/798/467
f 546/801/468 541/255/468 768/99/468 773/131/468
f 770/802/469 800/805/469 804/804/469 498/803/469
f 700/244/24 546/240/24 773/126/24 775/123/24
f 542/806/470 544/708/470 771/122/470 769/119/470
f 701/249/471 88/250/471 383/114/471 776/111/471
f 774/807/472 795/810/472 786/809/472 651/808/472
f 541/255/473 545/256/473 772/102/473 768/99/473
f 827/811/79 789/814/79 782/813/79 822/812/79
f 828/815/474 792/818/474 787/817/474 823/816/474
f 824/819/79 780/822/79 779/821/79 825/820/79
f 822/812/79 782/813/79 783/824/79 826/823/79
f 785/825/79 781/828/79 794/827/79 784/826/79
f 778/829/79 788/832/79 791/831/79 777/830/79
f 790/833/79 796/834/79 781/828/79 785/825/79
f 780/822/79 797/836/79 798/835/79 779/821/79
f 779/821/475 798/835/475 799/837/475 789/814/475
f 777/830/79 791/831/79 796/834/79 790/833/79
f 825/820/79 779/821/79 789/814/79 827/811/79
f 784/826/476 794/827/476 795/839/476 793/838/476
f 826/823/269 783/824/269 792/818/269 828/815/269
f 745/791/477 798/792/477 797/841/477 744/840/477
f 763/54/281 790/55/281 785/110/281 492/107/281
f 543/842/254 783/843/254 782/611/254 486/608/254
f 770/787/233 792/788/233 783/843/233 543/842/233
f 772/844/478 793/845/478 795/810/478 774/807/478
f 805/846/479 648/849/479 654/848/479 653/847/479
f 653/847/79 654/848/79 764/851/79 803/850/79
f 800/852/480 805/846/480 653/847/480 804/853/480
f 801/854/481 802/855/481 805/846/481 800/852/481
f 802/855/482 503/856/482 648/849/482 805/846/482
f 543/857/469 801/858/469 800/805/469 770/802/469
f 743/859/483 653/862/483 803/861/483 757/860/483
f 746/782/484 802/783/484 801/864/484 543/863/484
f 498/865/485 804/868/485 653/867/485 743/866/485
f 769/119/437 648/749/437 503/869/437 542/806/437
f 849/870/269 826/823/269 828/815/269 851/871/269
f 848/872/79 825/820/79 827/811/79 850/873/79
f 845/874/79 822/812/79 826/823/79 849/870/79
f 847/875/79 824/819/79 825/820/79 848/872/79
f 851/871/486 828/815/486 823/816/486 846/876/486
f 850/873/79 827/811/79 822/812/79 845/874/79
f 833/877/79 807/747/79 821/57/79 844/878/79
f 829/879/424 831/880/424 820/25/424 809/76/424
f 659/621/160 705/617/160 819/882/160 812/881/160
f 830/883/79 810/698/79 818/13/79 842/884/79
f 837/655/487 841/885/487 817/689/487 813/687/487
f 673/676/488 676/677/488 817/887/488 816/886/488
f 835/623/489 838/888/489 814/670/489 811/668/489
f 664/658/490 668/648/490 815/889/490 813/687/490
f 668/648/491 671/649/491 814/890/491 815/889/491
f 480/684/252 673/685/252 816/892/252 806/891/252
f 705/617/160 251/618/160 428/893/160 819/882/160
f 655/620/160 659/621/160 812/881/160 811/668/160
f 500/798/387 780/799/387 824/895/387 808/894/387
f 833/896/325 846/897/325 823/254/325 807/251/325
f 830/898/6 829/879/6 809/76/6 810/73/6
f 844/878/79 821/57/79 806/58/79 832/899/79
f 831/880/6 448/900/6 426/28/6 820/25/6
f 842/884/79 818/13/79 808/14/79 834/901/79
f 685/615/79 842/884/79 834/901/79 652/614/79
f 703/612/6 240/613/6 448/900/6 831/880/6
f 733/607/79 844/878/79 832/899/79 646/115/79
f 649/604/6 647/605/6 829/879/6 830/898/6
f 651/808/325 786/809/325 846/897/325 833/896/325
f 657/624/492 670/902/492 838/888/492 835/623/492
f 666/680/493 677/673/493 841/674/493 837/903/493
f 649/691/79 830/883/79 842/884/79 685/615/79
f 647/605/424 703/612/424 831/880/424 829/879/424
f 651/600/79 833/877/79 844/878/79 733/607/79
f 796/834/79 850/873/79 845/874/79 781/828/79
f 795/839/494 851/871/494 846/876/494 786/904/494
f 788/832/79 847/875/79 848/872/79 791/831/79
f 781/828/79 845/874/79 849/870/79 794/827/79
f 791/831/79 848/872/79 850/873/79 796/834/79
f 794/827/269 849/870/269 851/871/269 795/839/269
f 812/881/160 819/882/160 843/627/160 836/626/160
f 816/886/495 817/887/495 841/906/495 840/905/495
f 813/687/496 815/889/496 839/651/496 837/655/496
f 815/889/497 814/890/497 838/654/497 839/651/497
f 806/891/1 816/892/1 840/642/1 832/639/1
f 819/882/160 428/893/160 454/630/160 843/627/160
f 811/668/160 812/881/160 836/626/160 835/623/160
f 808/894/387 824/895/387 847/595/387 834/594/387
o FrontWheel
g FrontWheel
v -1.400017 0.815671 0.000000
v -1.430460 0.815671 0.093692
v -1.510159 0.815671 0.151597
v -1.608673 0.815671 0.151597
v -1.616764 0.815671 0.106883
v -1.618404 0.815671 0.000000
v -1.443201 1.074455 0.000000
v -1.471994 1.064570 0.093692
v -1.547375 1.038692 0.151597
v -1.640551 1.006704 0.151597
v -1.648203 1.004077 0.106883
v -1.649754 1.003545 0.000000
v -1.568071 1.305195 0.000000
v -1.592094 1.286497 0.093692
v -1.654988 1.237545 0.151597
v -1.732730 1.177036 0.151597
v -1.739114 1.172067 0.106883
v -1.740408 1.171059 0.000000
v -1.761097 1.482888 0.000000
v -1.777747 1.457402 0.093692
v -1.821339 1.390681 0.151597
v -1.875221 1.308208 0.151597
v -1.879646 1.301435 0.106883
v -1.880543 1.300062 0.000000
v -2.001361 1.588277 0.000000
v -2.008834 1.558766 0.093692
v -2.028399 1.481506 0.151597
v -2.052583 1.386006 0.151597
v -2.054569 1.378163 0.106883
v -2.054971 1.376574 0.000000
v -2.262826 1.609943 0.000000
v -2.260312 1.579604 0.093692
v -2.253731 1.500177 0.151597
v -2.245595 1.402000 0.151597
v -2.244927 1.393937 0.106883
v -2.244792 1.392303 0.000000
v -2.517159 1.545537 0.000000
v -2.504931 1.517659 0.093692
v -2.472916 1.444672 0.151597
v -2.433343 1.354456 0.151597
v -2.430094 1.347046 0.106883
v -2.429435 1.345545 0.000000
v -2.736800 1.402039 0.000000
v -2.716182 1.379641 0.093692
v -2.662203 1.321005 0.151597
v -2.595481 1.248526 0.151597
v -2.590002 1.242573 0.106883
v -2.588891 1.241367 0.000000
v -2.897946 1.194998 0.000000
v -2.871173 1.180509 0.093692
v -2.801079 1.142577 0.151597
v -2.714439 1.095689 0.151597
v -2.707323 1.091838 0.106883
v -2.705881 1.091058 0.000000
v -2.983135 0.946852 0.000000
v -2.953107 0.941842 0.093692
v -2.874495 0.928724 0.151597
v -2.777325 0.912509 0.151597
v -2.769345 0.911177 0.106883
v -2.767727 0.910907 0.000000
v -2.983135 0.684491 -0.000000
v -2.953107 0.689502 0.093692
v -2.874495 0.702620 0.151597
v -2.777325 0.718834 0.151597
v -2.769345 0.720166 0.106883
v -2.767727 0.720436 -0.000000
v -2.897946 0.436345 -0.000000
v -2.871173 0.450833 0.093692
v -2.801079 0.488766 0.151597
v -2.714439 0.535654 0.151597
v -2.707323 0.539504 0.106883
v -2.705881 0.540285 -0.000000
v -2.736800 0.229304 -0.000000
v -2.716182 0.251701 0.093692
v -2.662203 0.310338 0.151597
v -2.595481 0.382817 0.151597
v -2.590002 0.388770 0.106883
v -2.588891 0.389976 -0.000000
v -2.517159 0.085806 -0.000000
v -2.504931 0.113684 0.093692
v -2.472916 0.186671 0.151597
v -2.433343 0.276887 0.151597
v -2.430094 0.284296 0.106883
v -2.429435 0.285798 -0.000000
v -2.262827 0.021400 -0.000000
v -2.260313 0.051738 0.093692
v -2.253731 0.131166 0.151597
v -2.245596 0.229343 0.151597
v -2.244928 0.237406 0.106883
v -2.244792 0.239040 -0.000000
v -2.001361 0.043066 -0.000000
v -2.008834 0.072576 0.093692
v -2.028399 0.149837 0.151597
v -2.052583 0.245336 0.151597
v -2.054569 0.253179 0.106883
v -2.054971 0.254769 -0.000000
v -1.761097 0.148455 -0.000000
v -1.777747 0.173940 0.093692
v -1.821339 0.240662 0.151597
v -1.875221 0.323135 0.151597
v -1.879646 0.329908 0.106883
v -1.880543 0.331281 -0.000000
v -1.568071 0.326148 -0.000000
v -1.592094 0.344846 0.093692
v -1.654988 0.393798 0.151597
v -1.732730 0.454307 0.151597
v -1.739114 0.459276 0.106883
v -1.740408 0.460283 -0.000000
v -1.443201 0.556888 -0.000000
v -1.471994 0.566772 0.093692
v -1.547375 0.592651 0.151597
v -1.640551 0.624638 0.151597
v -1.648203 0.627265 0.106883
v -1.649754 0.627798 -0.000000
v -2.201316 1.103876 0.035749
v -2.144123 1.098243 0.035749
v -2.089128 1.081560 0.035749
v -2.038444 1.054469 0.035749
v -1.994020 1.018011 0.035749
v -1.957561 0.973586 0.035749
v -1.930470 0.922902 0.035749
v -1.913787 0.867907 0.035749
v -1.908154 0.810714 0.035749
v -1.913787 0.753521 0.035749
v -1.930470 0.698526 0.035749
v -1.957561 0.647842 0.035749
v -1.994020 0.603418 0.035749
v -2.038444 0.566959 0.035749
v -2.089128 0.539868 0.035749
v -2.144123 0.523185 0.035749
v -2.201316 0.517552 0.035749
v -2.258509 0.523185 0.035749
v -2.313504 0.539868 0.035749
v -2.364188 0.566959 0.035749
v -2.408613 0.603418 0.035749
v -2.445071 0.647842 0.035749
v -2.472162 0.698526 0.035749
v -2.488845 0.753521 0.035749
v -2.494478 0.810714 0.035749
v -2.488845 0.867907 0.035749
v -2.472162 0.922902 0.035749
v -2.445071 0.973586 0.035749
v -2.408613 1.018011 0.035749
v -2.364188 1.054469 0.035749
v -2.313504 1.081560 0.035749
v -2.258509 1.098243 0.035749
v -2.201316 1.103876 -0.011916
v -2.201316 1.103876 0.011916
v -2.144123 1.098243 0.011916
v -2.144123 1.098243 -0.011916
v -2.089128 1.081560 0.011916
v -2.089128 1.081560 -0.011916
v -2.038444 1.054469 0.011916
v -2.038444 1.054469 -0.011916
v -1.994020 1.018011 0.011916
v -1.994020 1.018011 -0.011916
v -1.957561 0.973586 0.011916
v -1.957561 0.973586 -0.011916
v -1.930470 0.922902 0.011916
v -1.930470 0.922902 -0.011916
v -1.913787 0.867907 0.011916
v -1.913787 0.867907 -0.011916
v -1.908154 0.810714 0.011916
v -1.908154 0.810714 -0.011916
v -1.913787 0.753521 0.011916
v -1.913787 0.753521 -0.011916
v -1.930470 0.698526 0.011916
v -1.930470 0.698526 -0.011916
v -1.957561 0.647842 0.011916
v -1.957561 0.647842 -0.011916
v -1.994020 0.603418 0.011916
v -1.994020 0.603418 -0.011916
v -2.038444 0.566959 0.011916
v -2.038444 0.566959 -0.011916
v -2.089128 0.539868 0.011916
v -2.089128 0.539868 -0.011916
v -2.144123 0.523185 0.011916
v -2.144123 0.523185 -0.011916
v -2.201316 0.517552 0.011916
v -2.201316 0.517552 -0.011916
v -2.258509 0.523185 0.011916
v -2.258509 0.523185 -0.011916
v -2.313504 0.539868 0.011916
v -2.313504 0.539868 -0.011916
v -2.364188 0.566959 0.011916
v -2.364188 0.566959 -0.011916
v -2.408613 0.603418 0.011916
v -2.408613 0.603418 -0.011916
v -2.445071 0.647842 0.011916
v -2.445071 0.647842 -0.011916
v -2.472162 0.698526 0.011916
v -2.472162 0.698526 -0.011916
v -2.488845 0.753521 0.011916
v -2.488845 0.753521 -0.011916
v -2.494478 0.810714 0.011916
v -2.494478 0.810714 -0.011916
v -2.488845 0.867907 0.011916
v -2.488845 0.867907 -0.011916
v -2.472162 0.922902 0.011916
v -2.472162 0.922902 -0.011916
v -2.445071 0.973586 0.011916
v -2.445071 0.973586 -0.011916
v -2.408613 1.018011 0.011916
v -2.408613 1.018011 -0.011916
v -2.364188 1.054469 0.011916
v -2.364188 1.054469 -0.011916
v -2.313504 1.081560 0.011916
v -2.313504 1.081560 -0.011916
v -2.258509 1.098243 0.011916
v -2.258509 1.098243 -0.011916
v -2.764937 1.079394 0.011916
v -2.764937 1.079394 -0.011916
v -2.737846 1.130077 0.011916
v -2.737846 1.130077 -0.011916
v -2.645523 1.306687 0.011916
v -2.645523 1.306687 -0.011916
v -2.601098 1.343145 0.011916
v -2.601098 1.343145 -0.011916
v -2.413519 1.411265 0.011916
v -2.413519 1.411265 -0.011916
v -2.358524 1.427947 0.011916
v -2.358524 1.427947 -0.011916
v -2.167762 1.444562 -0.011916
v -2.167762 1.444562 0.011916
v -2.110569 1.438929 0.011916
v -2.110569 1.438929 -0.011916
v -1.955408 1.345102 0.016506
v -1.955408 1.345102 -0.007327
v -1.904725 1.318011 0.016506
v -1.904725 1.318011 -0.007327
v -1.757617 1.212022 0.011916
v -1.757617 1.212022 -0.011916
v -1.721158 1.167597 0.011916
v -1.721158 1.167597 -0.011916
v -1.644937 1.009518 0.011916
v -1.644937 1.009518 -0.011916
v -1.628255 0.954523 0.011916
v -1.628255 0.954523 -0.011916
v -1.601734 0.780534 0.011916
v -1.601734 0.780534 -0.011916
v -1.607367 0.723341 0.011916
v -1.607367 0.723341 -0.011916
v -1.667972 0.558218 0.011916
v -1.667972 0.558218 -0.011916
v -1.695063 0.507534 0.011916
v -1.695063 0.507534 -0.011916
v -1.719343 0.268724 0.011916
v -1.719343 0.268724 -0.011916
v -1.763768 0.232265 0.011916
v -1.763768 0.232265 -0.011916
v -1.998757 0.241956 0.011916
v -1.998757 0.241956 -0.011916
v -2.053753 0.225274 0.011916
v -2.053753 0.225274 -0.011916
v -2.230390 0.222359 0.011916
v -2.230390 0.222359 -0.011916
v -2.287583 0.227992 0.011916
v -2.287583 0.227992 -0.011916
v -2.457114 0.271193 0.011916
v -2.457114 0.271193 -0.011916
v -2.507798 0.298284 0.011916
v -2.507798 0.298284 -0.011916
v -2.652272 0.403452 0.011916
v -2.652272 0.403452 -0.011916
v -2.688730 0.447877 0.011916
v -2.688730 0.447877 -0.011916
v -2.903940 0.851043 0.011916
v -2.903940 0.851043 -0.011916
v -2.898307 0.908236 0.011916
v -2.898307 0.908236 -0.011916
v -2.768000 0.608785 0.011916
v -2.768000 0.608785 -0.011916
v -2.784682 0.663780 0.011916
v -2.784682 0.663780 -0.011916
v -1.430460 0.815671 -0.093692
v -1.510159 0.815671 -0.151597
v -1.608673 0.815671 -0.151597
v -1.616764 0.815671 -0.106883
v -1.471994 1.064570 -0.093692
v -1.547375 1.038692 -0.151597
v -1.640551 1.006704 -0.151597
v -1.648203 1.004077 -0.106883
v -1.592094 1.286497 -0.093692
v -1.654988 1.237545 -0.151597
v -1.732730 1.177036 -0.151597
v -1.739114 1.172067 -0.106883
v -1.777747 1.457402 -0.093692
v -1.821339 1.390681 -0.151597
v -1.875221 1.308208 -0.151597
v -1.879646 1.301435 -0.106883
v -2.008834 1.558766 -0.093692
v -2.028399 1.481506 -0.151597
v -2.052583 1.386006 -0.151597
v -2.054569 1.378163 -0.106883
v -2.260312 1.579604 -0.093692
v -2.253731 1.500177 -0.151597
v -2.245595 1.402000 -0.151597
v -2.244927 1.393937 -0.106883
v -2.504931 1.517659 -0.093692
v -2.472916 1.444672 -0.151597
v -2.433343 1.354456 -0.151597
v -2.430094 1.347046 -0.106883
v -2.716182 1.379641 -0.093692
v -2.662203 1.321005 -0.151597
v -2.595481 1.248526 -0.151597
v -2.590002 1.242573 -0.106883
v -2.871173 1.180509 -0.093692
v -2.801079 1.142577 -0.151597
v -2.714439 1.095689 -0.151597
v -2.707323 1.091838 -0.106883
v -2.953107 0.941842 -0.093692
v -2.874495 0.928724 -0.151597
v -2.777325 0.912509 -0.151597
v -2.769345 0.911177 -0.106883
v -2.953107 0.689502 -0.093692
v -2.874495 0.702620 -0.151597
v -2.777325 0.718834 -0.151597
v -2.769345 0.720166 -0.106883
v -2.871173 0.450833 -0.093692
v -2.801079 0.488766 -0.151597
v -2.714439 0.535654 -0.151597
v -2.707323 0.539504 -0.106883
v -2.716182 0.251701 -0.093692
v -2.662203 0.310338 -0.151597
v -2.595481 0.382817 -0.151597
v -2.590002 0.388770 -0.106883
v -2.504931 0.113684 -0.093692
v -2.472916 0.186671 -0.151597
v -2.433343 0.276887 -0.151597
v -2.430094 0.284296 -0.106883
v -2.260313 0.051738 -0.093692
v -2.253731 0.131166 -0.151597
v -2.245596 0.229343 -0.151597
v -2.244928 0.237406 -0.106883
v -2.008834 0.072576 -0.093692
v -2.028399 0.149837 -0.151597
v -2.052583 0.245336 -0.151597
v -2.054569 0.253179 -0.106883
v -1.777747 0.173940 -0.093692
v -1.821339 0.240662 -0.151597
v -1.875221 0.323135 -0.151597
v -1.879646 0.329908 -0.106883
v -1.592094 0.344846 -0.093692
v -1.654988 0.393798 -0.151597
v -1.732730 0.454307 -0.151597
v -1.739114 0.459276 -0.106883
v -1.471994 0.566772 -0.093692
v -1.547375 0.592651 -0.151597
v -1.640551 0.624638 -0.151597
v -1.648203 0.627265 -0.106883
v -2.201316 1.103876 -0.035749
v -2.144123 1.098243 -0.035749
v -2.089128 1.081560 -0.035749
v -2.038444 1.054469 -0.035749
v -1.994020 1.018011 -0.035749
v -1.957561 0.973586 -0.035749
v -1.930470 0.922902 -0.035749
v -1.913787 0.867907 -0.035749
v -1.908154 0.810714 -0.035749
v -1.913787 0.753521 -0.035749
v -1.930470 0.698526 -0.035749
v -1.957561 0.647842 -0.035749
v -1.994020 0.603418 -0.035749
v -2.038444 0.566959 -0.035749
v -2.089128 0.539868 -0.035749
v -2.144123 0.523185 -0.035749
v -2.201316 0.517552 -0.035749
v -2.258509 0.523185 -0.035749
v -2.313504 0.539868 -0.035749
v -2.364188 0.566959 -0.035749
v -2.408613 0.603418 -0.035749
v -2.445071 0.647842 -0.035749
v -2.472162 0.698526 -0.035749
v -2.488845 0.753521 -0.035749
v -2.494478 0.810714 -0.035749
v -2.488845 0.867907 -0.035749
v -2.472162 0.922902 -0.035749
v -2.445071 0.973586 -0.035749
v -2.408613 1.018011 -0.035749
v -2.364188 1.054469 -0.035749
v -2.313504 1.081560 -0.035749
v -2.258509 1.098243 -0.035749
v -2.201316 1.103876 0.011916
v -2.201316 1.103876 -0.011916
v -2.144123 1.098243 -0.011916
v -2.144123 1.098243 0.011916
v -2.089128 1.081560 -0.011916
v -2.089128 1.081560 0.011916
v -2.038444 1.054469 -0.011916
v -2.038444 1.054469 0.011916
v -1.994020 1.018011 -0.011916
v -1.994020 1.018011 0.011916
v -1.957561 0.973586 -0.011916
v -1.957561 0.973586 0.011916
v -1.930470 0.922902 -0.011916
v -1.930470 0.922902 0.011916
v -1.913787 0.867907 -0.011916
v -1.913787 0.867907 0.011916
v -1.908154 0.810714 -0.011916
v -1.908154 0.810714 0.011916
v -1.913787 0.753521 -0.011916
v -1.913787 0.753521 0.011916
v -1.930470 0.698526 -0.011916
v -1.930470 0.698526 0.011916
v -1.957561 0.647842 -0.011916
v -1.957561 0.647842 0.011916
v -1.994020 0.603418 -0.011916
v -1.994020 0.603418 0.011916
v -2.038444 0.566959 -0.011916
v -2.038444 0.566959 0.011916
v -2.089128 0.539868 -0.011916
v -2.089128 0.539868 0.011916
v -2.144123 0.523185 -0.011916
v -2.144123 0.523185 0.011916
v -2.201316 0.517552 -0.011916
v -2.201316 0.517552 0.011916
v -2.258509 0.523185 -0.011916
v -2.258509 0.523185 0.011916
v -2.313504 0.539868 -0.011916
v -2.313504 0.539868 0.011916
v -2.364188 0.566959 -0.011916
v -2.364188 0.566959 0.011916
v -2.408613 0.603418 -0.011916
v -2.408613 0.603418 0.011916
v -2.445071 0.647842 -0.011916
v -2.445071 0.647842 0.011916
v -2.472162 0.698526 -0.011916
v -2.472162 0.698526 0.011916
v -2.488845 0.753521 -0.011916
v -2.488845 0.753521 0.011916
v -2.494478 0.810714 -0.011916
v -2.494478 0.810714 0.011916
v -2.488845 0.867907 -0.011916
v -2.488845 0.867907 0.011916
v -2.472162 0.922902 -0.011916
v -2.472162 0.922902 0.011916
v -2.445071 0.973586 -0.011916
v -2.445071 0.973586 0.011916
v -2.408613 1.018011 -0.011916
v -2.408613 1.018011 0.011916
v -2.364188 1.054469 -0.011916
v -2.364188 1.054469 0.011916
v -2.313504 1.081560 -0.011916
v -2.313504 1.081560 0.011916
v -2.258509 1.098243 -0.011916
v -2.258509 1.098243 0.011916
v -2.764937 1.079394 -0.011916
v -2.764937 1.079394 0.011916
v -2.737846 1.130077 -0.011916
v -2.737846 1.130077 0.011916
v -2.645523 1.306687 -0.011916
v -2.645523 1.306687 0.011916
v -2.601098 1.343145 -0.011916
v -2.601098 1.343145 0.011916
v -2.413519 1.411265 -0.011916
v -2.413519 1.411265 0.011916
v -2.358524 1.427947 -0.011916
v -2.358524 1.427947 0.011916
v -2.167762 1.444562 0.011916
v -2.167762 1.444562 -0.011916
v -2.110569 1.438929 -0.011916
v -2.110569 1.438929 0.011916
v -1.955408 1.345102 -0.016506
v -1.955408 1.345102 0.007327
v -1.904725 1.318011 -0.016506
v -1.904725 1.318011 0.007327
v -1.757617 1.212022 -0.011916
v -1.757617 1.212022 0.011916
v -1.721158 1.167597 -0.011916
v -1.721158 1.167597 0.011916
v -1.644937 1.009518 -0.011916
v -1.644937 1.009518 0.011916
v -1.628255 0.954523 -0.011916
v -1.628255 0.954523 0.011916
v -1.601734 0.780534 -0.011916
v -1.601734 0.780534 0.011916
v -1.607367 0.723341 -0.011916
v -1.607367 0.723341 0.011916
v -1.667972 0.558218 -0.011916
v -1.667972 0.558218 0.011916
v -1.695063 0.507534 -0.011916
v -1.695063 0.507534 0.011916
v -1.719343 0.268724 -0.011916
v -1.719343 0.268724 0.011916
v -1.763768 0.232265 -0.011916
v -1.763768 0.232265 0.011916
v -1.998757 0.241956 -0.011916
v -1.998757 0.241956 0.011916
v -2.053753 0.225274 -0.011916
v -2.053753 0.225274 0.011916
v -2.230390 0.222359 -0.011916
v -2.230390 0.222359 0.011916
v -2.287583 0.227992 -0.011916
v -2.287583 0.227992 0.011916
v -2.457114 0.271193 -0.011916
v -2.457114 0.271193 0.011916
v -2.507798 0.298284 -0.011916
v -2.507798 0.298284 0.011916
v -2.652272 0.403452 -0.011916
v -2.652272 0.403452 0.011916
v -2.688730 0.447877 -0.011916
v -2.688730 0.447877 0.011916
v -2.903940 0.851043 -0.011916
v -2.903940 0.851043 0.011916
v -2.898307 0.908236 -0.011916
v -2.898307 0.908236 0.011916
v -2.768000 0.608785 -0.011916
v -2.768000 0.608785 0.011916
v -2.784682 0.663780 -0.011916
v -2.784682 0.663780 0.011916
vn 0.9393 0.1567 0.3052
vn 0.5850 0.0976 0.8052
vn -0.0000 -0.0000 1.0000
vn -0.9710 -0.1620 0.1757
vn -0.9862 -0.1646 0.0151
vn 0.8375 0.4532 0.3052
vn 0.5216 0.2823 0.8052
vn -0.8658 -0.4685 0.1757
vn -0.8794 -0.4759 0.0151
vn 0.6450 0.7006 0.3052
vn 0.4017 0.4363 0.8052
vn -0.6667 -0.7243 0.1757
vn -0.6772 -0.7356 0.0151
vn 0.3825 0.8721 0.3052
vn 0.2382 0.5431 0.8052
vn -0.3954 -0.9015 0.1757
vn -0.4016 -0.9157 0.0151
vn 0.0786 0.9490 0.3052
vn 0.0490 0.5910 0.8052
vn -0.0813 -0.9811 0.1757
vn -0.0826 -0.9965 0.0151
vn -0.2338 0.9231 0.3052
vn -0.1456 0.5749 0.8052
vn 0.2417 -0.9543 0.1757
vn 0.2455 -0.9693 0.0151
vn -0.5209 0.7972 0.3052
vn -0.3244 0.4965 0.8052
vn 0.5384 -0.8241 0.1757
vn 0.5469 -0.8371 0.0151
vn -0.7515 0.5849 0.3052
vn -0.4680 0.3643 0.8052
vn 0.7769 -0.6047 0.1757
vn 0.7891 -0.6141 0.0151
vn -0.9007 0.3092 0.3052
vn -0.5609 0.1926 0.8052
vn 0.9311 -0.3196 0.1757
vn 0.9457 -0.3247 0.0151
vn -0.9523 -0.0000 0.3052
vn -0.5931 -0.0000 0.8052
vn 0.9844 -0.0000 0.1757
vn 0.9999 -0.0000 0.0151
vn -0.9007 -0.3092 0.3052
vn -0.5609 -0.1926 0.8052
vn 0.9311 0.3196 0.1757
vn 0.9457 0.3247 0.0151
vn -0.7515 -0.5849 0.3052
vn -0.4680 -0.3643 0.8052
vn 0.7769 0.6047 0.1757
vn 0.7891 0.6141 0.0151
vn -0.5209 -0.7972 0.3052
vn -0.3244 -0.4965 0.8052
vn 0.5384 0.8241 0.1757
vn 0.5469 0.8371 0.0151
vn -0.2338 -0.9231 0.3052
vn -0.1456 -0.5749 0.8052
vn 0.2417 0.9543 0.1757
vn 0.2455 0.9693 0.0151
vn 0.0786 -0.9490 0.3052
vn 0.0490 -0.5910 0.8052
vn -0.0813 0.9811 0.1757
vn -0.0826 0.9965 0.0151
vn 0.3825 -0.8721 0.3052
vn 0.2382 -0.5431 0.8052
vn -0.3954 0.9015 0.1757
vn -0.4016 0.9157 0.0151
vn 0.6450 -0.7006 0.3052
vn 0.4017 -0.4363 0.8052
vn -0.6667 0.7243 0.1757
vn -0.6772 0.7356 0.0151
vn 0.8375 -0.4532 0.3052
vn 0.5216 -0.2823 0.8052
vn -0.8658 0.4685 0.1757
vn -0.8794 0.4759 0.0151
vn 0.9393 -0.1567 0.3052
vn 0.5850 -0.0976 0.8052
vn -0.9710 0.1620 0.1757
vn -0.9862 0.1646 0.0151
vn 0.0980 0.9952 -0.0000
vn 0.2903 0.9569 -0.0000
vn 0.4714 0.8819 -0.0000
vn 0.6344 0.7730 -0.0000
vn 0.7730 0.6344 -0.0000
vn 0.8819 0.4714 -0.0000
vn 0.9569 0.2903 -0.0000
vn 0.9952 0.0980 -0.0000
vn 0.9952 -0.0980 -0.0000
vn 0.9569 -0.2903 -0.0000
vn 0.8819 -0.4714 -0.0000
vn 0.7730 -0.6344 -0.0000
vn 0.6344 -0.7730 -0.0000
vn 0.4714 -0.8819 -0.0000
vn 0.2903 -0.9569 -0.0000
vn 0.0980 -0.9952 -0.0000
vn -0.0980 -0.9952 -0.0000
vn -0.2903 -0.9569 -0.0000
vn -0.4714 -0.8819 -0.0000
vn -0.6344 -0.7730 -0.0000
vn -0.7730 -0.6344 -0.0000
vn -0.8819 -0.4714 -0.0000
vn -0.9569 -0.2903 -0.0000
vn -0.9952 -0.0980 -0.0000
vn -0.9952 0.0980 -0.0000
vn -0.9569 0.2903 -0.0000
vn -0.8819 0.4714 -0.0000
vn -0.7730 0.6344 -0.0000
vn -0.6344 0.7730 -0.0000
vn -0.4714 0.8819 -0.0000
vn -0.2903 0.9569 -0.0000
vn -0.0980 0.9952 -0.0000
vn 0.8918 -0.4525 -0.0000
vn -0.8918 0.4525 -0.0000
vn -0.0073 -0.0137 0.9999
vn 0.9393 0.1567 -0.3052
vn 0.5850 0.0976 -0.8052
vn -0.0000 -0.0000 -1.0000
vn -0.9710 -0.1620 -0.1757
vn -0.9862 -0.1646 -0.0151
vn 0.8375 0.4532 -0.3052
vn 0.5216 0.2823 -0.8052
vn -0.8658 -0.4685 -0.1757
vn -0.8794 -0.4759 -0.0151
vn 0.6450 0.7006 -0.3052
vn 0.4017 0.4363 -0.8052
vn -0.6667 -0.7243 -0.1757
vn -0.6772 -0.7356 -0.0151
vn 0.3825 0.8721 -0.3052
vn 0.2382 0.5431 -0.8052
vn -0.3954 -0.9015 -0.1757
vn -0.4016 -0.9157 -0.0151
vn 0.0786 0.9490 -0.3052
vn 0.0490 0.5910 -0.8052
vn -0.0813 -0.9811 -0.1757
vn -0.0826 -0.9965 -0.0151
vn -0.2338 0.9231 -0.3052
vn -0.1456 0.5749 -0.8052
vn 0.2417 -0.9543 -0.1757
vn 0.2455 -0.9693 -0.0151
vn -0.5209 0.7972 -0.3052
vn -0.3244 0.4965 -0.8052
vn 0.5384 -0.8241 -0.1757
vn 0.5469 -0.8371 -0.0151
vn -0.7515 0.5849 -0.3052
vn -0.4680 0.3643 -0.8052
vn 0.7769 -0.6047 -0.1757
vn 0.7891 -0.6141 -0.0151
vn -0.9007 0.3092 -0.3052
vn -0.5609 0.1926 -0.8052
vn 0.9311 -0.3196 -0.1757
vn 0.9457 -0.3247 -0.0151
vn -0.9523 -0.0000 -0.3052
vn -0.5931 -0.0000 -0.8052
vn 0.9844 -0.0000 -0.1757
vn 0.9999 -0.0000 -0.0151
vn -0.9007 -0.3092 -0.3052
vn -0.5609 -0.1926 -0.8052
vn 0.9311 0.3196 -0.1757
vn 0.9457 0.3247 -0.0151
vn -0.7515 -0.5849 -0.3052
vn -0.4680 -0.3643 -0.8052
vn 0.7769 0.6047 -0.1757
vn 0.7891 0.6141 -0.0151
vn -0.5209 -0.7972 -0.3052
vn -0.3244 -0.4965 -0.8052
vn 0.5384 0.8241 -0.1757
vn 0.5469 0.8371 -0.0151
vn -0.2338 -0.9231 -0.3052
vn -0.1456 -0.5749 -0.8052
vn 0.2417 0.9543 -0.1757
vn 0.2455 0.9693 -0.0151
vn 0.0786 -0.9490 -0.3052
vn 0.0490 -0.5910 -0.8052
vn -0.0813 0.9811 -0.1757
vn -0.0826 0.9965 -0.0151
vn 0.3825 -0.8721 -0.3052
vn 0.2382 -0.5431 -0.8052
vn -0.3954 0.9015 -0.1757
vn -0.4016 0.9157 -0.0151
vn 0.6450 -0.7006 -0.3052
vn 0.4017 -0.4363 -0.8052
vn -0.6667 0.7243 -0.1757
vn -0.6772 0.7356 -0.0151
vn 0.8375 -0.4532 -0.3052
vn 0.5216 -0.2823 -0.8052
vn -0.8658 0.4685 -0.1757
vn -0.8794 0.4759 -0.0151
vn 0.9393 -0.1567 -0.3052
vn 0.5850 -0.0976 -0.8052
vn -0.9710 0.1620 -0.1757
vn -0.9862 0.1646 -0.0151
vn -0.0073 -0.0137 -0.9999
vt 0.634406 0.366662
vt 0.630531 0.442986
vt 0.595671 0.434784
vt 0.599399 0.361376
vt 0.224551 0.019646
vt 0.316974 0.011988
vt 0.314562 0.041172
vt 0.231748 0.048034
vt 0.311572 0.077254
vt 0.240636 0.083132
vt 0.596914 0.525872
vt 0.599469 0.466961
vt 0.615992 0.469075
vt 0.613472 0.527176
vt 0.655230 0.469641
vt 0.652717 0.527578
vt 0.665947 0.442018
vt 0.662329 0.362134
vt 0.697300 0.357338
vt 0.700780 0.434172
vt 0.406876 0.034754
vt 0.395116 0.061572
vt 0.380573 0.094728
vt 0.842987 0.464973
vt 0.845724 0.524011
vt 0.829159 0.525314
vt 0.826459 0.467088
vt 0.789921 0.525733
vt 0.787229 0.467671
vt 0.660417 0.269044
vt 0.695460 0.267805
vt 0.484514 0.085478
vt 0.464683 0.107022
vt 0.440161 0.133659
vt 0.847171 0.592761
vt 0.830586 0.593119
vt 0.791344 0.593346
vt 0.660417 0.172839
vt 0.695460 0.175274
vt 0.541476 0.158662
vt 0.515722 0.172597
vt 0.483880 0.189829
vt 0.847171 0.663771
vt 0.830586 0.663152
vt 0.791344 0.663182
vt 0.662329 0.083942
vt 0.697300 0.089773
vt 0.571589 0.246377
vt 0.542704 0.251192
vt 0.506992 0.257151
vt 0.845724 0.729347
vt 0.829159 0.727827
vt 0.789921 0.727673
vt 0.665947 0.011988
vt 0.700780 0.020567
vt 0.571589 0.339117
vt 0.542704 0.334290
vt 0.506992 0.328330
vt 0.842987 0.782383
vt 0.826459 0.780133
vt 0.787229 0.779832
vt 0.759646 0.464973
vt 0.762327 0.546588
vt 0.727334 0.550773
vt 0.724755 0.472276
vt 0.541476 0.426832
vt 0.515722 0.412885
vt 0.483880 0.395653
vt 0.015021 0.863096
vt 0.012776 0.800630
vt 0.029359 0.799653
vt 0.031572 0.861260
vt 0.068593 0.799455
vt 0.070800 0.860888
vt 0.763254 0.640452
vt 0.728226 0.641052
vt 0.484514 0.500016
vt 0.464683 0.478460
vt 0.440161 0.451823
vt 0.011988 0.730468
vt 0.028581 0.730457
vt 0.067817 0.730454
vt 0.762327 0.736394
vt 0.727334 0.733330
vt 0.406876 0.550740
vt 0.395116 0.523910
vt 0.380573 0.490754
vt 0.012740 0.660215
vt 0.029323 0.661169
vt 0.068557 0.661363
vt 0.759646 0.824016
vt 0.724755 0.817605
vt 0.316974 0.573506
vt 0.314562 0.544309
vt 0.311572 0.508227
vt 0.014952 0.597482
vt 0.031504 0.599299
vt 0.070732 0.599667
vt 0.759596 0.011988
vt 0.763312 0.082051
vt 0.728329 0.088087
vt 0.724755 0.020700
vt 0.224551 0.565848
vt 0.231748 0.537447
vt 0.240636 0.502349
vt 0.793345 0.328628
vt 0.790668 0.276992
vt 0.807230 0.275427
vt 0.809871 0.326352
vt 0.846470 0.275325
vt 0.849104 0.326106
vt 0.765277 0.169827
vt 0.730219 0.172511
vt 0.139622 0.528595
vt 0.155650 0.504067
vt 0.175452 0.473757
vt 0.789252 0.212247
vt 0.805834 0.211572
vt 0.845078 0.211651
vt 0.765277 0.265805
vt 0.730219 0.264822
vt 0.071391 0.465784
vt 0.094513 0.447787
vt 0.123084 0.425549
vt 0.789252 0.141409
vt 0.805834 0.141709
vt 0.845078 0.141984
vt 0.763312 0.359582
vt 0.728329 0.355017
vt 0.027252 0.384222
vt 0.054963 0.374705
vt 0.089207 0.362949
vt 0.790668 0.072155
vt 0.807230 0.073406
vt 0.846470 0.073875
vt 0.759596 0.440997
vt 0.724755 0.433323
vt 0.011988 0.292747
vt 0.041285 0.292741
vt 0.077491 0.292741
vt 0.793345 0.011988
vt 0.809871 0.014067
vt 0.849104 0.014703
vt 0.630419 0.011988
vt 0.634334 0.087845
vt 0.599329 0.093208
vt 0.595564 0.020249
vt 0.027252 0.201272
vt 0.054963 0.210777
vt 0.089207 0.222533
vt 0.599469 0.784440
vt 0.596914 0.731252
vt 0.613472 0.729732
vt 0.615992 0.782189
vt 0.652717 0.729562
vt 0.655230 0.781870
vt 0.636417 0.178919
vt 0.601332 0.180804
vt 0.071391 0.119710
vt 0.094513 0.137695
vt 0.123084 0.159933
vt 0.595564 0.665588
vt 0.612140 0.664970
vt 0.651389 0.664983
vt 0.636442 0.275341
vt 0.601356 0.273543
vt 0.139622 0.056899
vt 0.155649 0.081414
vt 0.175452 0.111725
vt 0.595564 0.594562
vt 0.612140 0.594921
vt 0.651389 0.595132
vt 0.193369 0.630442
vt 0.202110 0.630275
vt 0.202005 0.649876
vt 0.193264 0.650043
vt 0.202165 0.670633
vt 0.193424 0.670800
vt 0.202583 0.691749
vt 0.193842 0.691916
vt 0.203243 0.712412
vt 0.194502 0.712580
vt 0.204120 0.731828
vt 0.195379 0.731996
vt 0.205180 0.749252
vt 0.196439 0.749419
vt 0.149417 0.597677
vt 0.158155 0.597482
vt 0.157505 0.612417
vt 0.148767 0.612612
vt 0.157124 0.629977
vt 0.148386 0.630172
vt 0.157026 0.649487
vt 0.148289 0.649683
vt 0.157216 0.670199
vt 0.148479 0.670394
vt 0.157687 0.691314
vt 0.148949 0.691510
vt 0.158419 0.712024
vt 0.149681 0.712219
vt 0.159385 0.731530
vt 0.150647 0.731725
vt 0.160547 0.749085
vt 0.151810 0.749280
vt 0.104590 0.597660
vt 0.113330 0.597482
vt 0.112713 0.612559
vt 0.103973 0.612737
vt 0.112350 0.630231
vt 0.103610 0.630410
vt 0.112255 0.649819
vt 0.103515 0.649997
vt 0.112432 0.670569
vt 0.103692 0.670748
vt 0.112875 0.691685
vt 0.104135 0.691863
vt 0.113565 0.712355
vt 0.104825 0.712533
vt 0.114477 0.731784
vt 0.105737 0.731962
vt 0.115575 0.749226
vt 0.106835 0.749404
vt 0.688838 0.467115
vt 0.697581 0.466961
vt 0.697042 0.482784
vt 0.688299 0.482938
vt 0.696741 0.501032
vt 0.687999 0.501186
vt 0.696690 0.521003
vt 0.687948 0.521156
vt 0.696891 0.541929
vt 0.688148 0.542083
vt 0.697336 0.563007
vt 0.688593 0.563161
vt 0.698007 0.583427
vt 0.689265 0.583580
vt 0.698880 0.602403
vt 0.690137 0.602556
vt 0.699920 0.619206
vt 0.691177 0.619360
vt 0.253093 0.636354
vt 0.268028 0.621419
vt 0.285590 0.609685
vt 0.305103 0.601602
vt 0.325818 0.597482
vt 0.346940 0.597482
vt 0.367655 0.601602
vt 0.387168 0.609685
vt 0.404730 0.621419
vt 0.419665 0.636354
vt 0.431399 0.653916
vt 0.439482 0.673429
vt 0.443603 0.694145
vt 0.443603 0.715266
vt 0.439482 0.735981
vt 0.431399 0.755495
vt 0.419665 0.773056
vt 0.404730 0.787991
vt 0.387168 0.799725
vt 0.367655 0.807808
vt 0.346940 0.811929
vt 0.325818 0.811929
vt 0.305103 0.807808
vt 0.285590 0.799725
vt 0.268028 0.787991
vt 0.253093 0.773056
vt 0.241359 0.755495
vt 0.233276 0.735981
vt 0.229156 0.715266
vt 0.229156 0.694145
vt 0.233276 0.673429
vt 0.241359 0.653916
vt 0.194345 0.597649
vt 0.203086 0.597482
vt 0.202475 0.612583
vt 0.193734 0.612751
vt 0.184993 0.612919
vt 0.184627 0.630610
vt 0.681395 0.602710
vt 0.682435 0.619513
vt 0.894200 0.149235
vt 0.873079 0.149235
vt 0.873079 0.011988
vt 0.894200 0.011988
vt 0.679850 0.563314
vt 0.680522 0.583734
vt 0.903861 0.614762
vt 0.912604 0.614762
vt 0.912680 0.736762
vt 0.903937 0.736762
vt 0.679205 0.521310
vt 0.679406 0.542236
vt 0.687945 0.878682
vt 0.679205 0.878897
vt 0.679205 0.738566
vt 0.687945 0.738352
vt 0.679556 0.483091
vt 0.679256 0.501339
vt 0.096997 0.732141
vt 0.098095 0.749583
vt 0.095395 0.692042
vt 0.096085 0.712712
vt 0.918175 0.285493
vt 0.939296 0.285493
vt 0.939296 0.397457
vt 0.918175 0.397457
vt 0.094775 0.650176
vt 0.094952 0.670926
vt 0.011988 0.887310
vt 0.020724 0.887071
vt 0.020724 0.987774
vt 0.011988 0.988012
vt 0.095233 0.612916
vt 0.094870 0.630588
vt 0.819941 0.806358
vt 0.841063 0.806358
vt 0.841063 0.920773
vt 0.819941 0.920773
vt 0.141909 0.731921
vt 0.143072 0.749475
vt 0.557771 0.597482
vt 0.566509 0.597713
vt 0.566509 0.744254
vt 0.557771 0.744022
vt 0.140211 0.691705
vt 0.140943 0.712414
vt 0.139551 0.649878
vt 0.139741 0.670589
vt 0.140029 0.612807
vt 0.139648 0.630367
vt 0.250277 0.945564
vt 0.229156 0.945564
vt 0.229156 0.835904
vt 0.250277 0.835904
vt 0.186638 0.732163
vt 0.187698 0.749587
vt 0.963272 0.149123
vt 0.972009 0.149360
vt 0.972009 0.253290
vt 0.963272 0.253053
vt 0.185100 0.692084
vt 0.185761 0.712747
vt 0.957696 0.573572
vt 0.948957 0.573720
vt 0.948957 0.465121
vt 0.957696 0.464973
vt 0.184523 0.650211
vt 0.184682 0.670968
vt 0.476322 0.947674
vt 0.467578 0.947643
vt 0.467578 0.926560
vt 0.476322 0.926591
vt 0.476385 0.902585
vt 0.467643 0.902585
vt 0.467578 0.780583
vt 0.476320 0.780583
vt 0.892267 0.922043
vt 0.871146 0.922043
vt 0.871146 0.800037
vt 0.892267 0.800037
vt 0.926916 0.440676
vt 0.918175 0.440428
vt 0.918175 0.421432
vt 0.926916 0.421680
vt 0.512674 0.772670
vt 0.521414 0.772897
vt 0.521414 0.899194
vt 0.512674 0.898967
vt 0.566509 0.894852
vt 0.557771 0.894621
vt 0.557771 0.768229
vt 0.566509 0.768460
vt 0.969386 0.751048
vt 0.978113 0.750527
vt 0.978113 0.765641
vt 0.969386 0.766162
vt 0.894200 0.299835
vt 0.873079 0.299835
vt 0.873079 0.173210
vt 0.894200 0.173210
vt 0.053421 0.976693
vt 0.044700 0.977268
vt 0.044700 0.887646
vt 0.053421 0.887071
vt 0.687948 0.714223
vt 0.679205 0.714377
vt 0.916242 0.943364
vt 0.924982 0.943150
vt 0.924982 0.962751
vt 0.916242 0.962965
vt 0.795966 0.922580
vt 0.787230 0.922818
vt 0.787230 0.806597
vt 0.795966 0.806358
vt 0.916242 0.800213
vt 0.924985 0.800037
vt 0.924985 0.918999
vt 0.916242 0.919175
vt 0.924982 0.590787
vt 0.903861 0.590787
vt 0.903861 0.464973
vt 0.924982 0.464973
vt 0.945411 0.771647
vt 0.936668 0.771647
vt 0.936655 0.750527
vt 0.945398 0.750527
vt 0.957703 0.908737
vt 0.948960 0.908582
vt 0.948960 0.800037
vt 0.957703 0.800193
vt 0.340465 0.944515
vt 0.319348 0.944966
vt 0.319348 0.836354
vt 0.340465 0.835904
vt 0.795966 0.966457
vt 0.787226 0.966230
vt 0.787226 0.946794
vt 0.795966 0.947021
vt 0.978115 0.716097
vt 0.969374 0.715849
vt 0.969374 0.614762
vt 0.978115 0.615010
vt 0.939296 0.261518
vt 0.918175 0.261518
vt 0.918175 0.149123
vt 0.939296 0.149123
vt 0.512674 0.968840
vt 0.521395 0.968265
vt 0.521395 0.983214
vt 0.512674 0.983789
vt 0.687931 0.981219
vt 0.679205 0.981755
vt 0.679205 0.903408
vt 0.687931 0.902872
vt 0.193264 0.827827
vt 0.184523 0.827995
vt 0.595564 0.946248
vt 0.604301 0.946009
vt 0.604301 0.965520
vt 0.595564 0.965759
vt 0.939296 0.125148
vt 0.918175 0.125148
vt 0.918175 0.011988
vt 0.939296 0.011988
vt 0.103514 0.959610
vt 0.094775 0.959831
vt 0.094775 0.854886
vt 0.103514 0.854665
vt 0.139551 0.854568
vt 0.148291 0.854354
vt 0.148291 0.959370
vt 0.139551 0.959584
vt 0.557772 0.918828
vt 0.566512 0.918828
vt 0.566511 0.939949
vt 0.557771 0.939949
vt 0.409537 0.835904
vt 0.418278 0.835904
vt 0.418337 0.945289
vt 0.409595 0.945289
vt 0.733566 0.957375
vt 0.724823 0.957375
vt 0.724755 0.847991
vt 0.733498 0.847991
vt 0.295373 0.945293
vt 0.274252 0.945293
vt 0.274252 0.835904
vt 0.295373 0.835904
vt 0.828678 0.964516
vt 0.819942 0.964278
vt 0.819942 0.944748
vt 0.828678 0.944985
vt 0.879886 0.611630
vt 0.871146 0.611403
vt 0.871146 0.464973
vt 0.879886 0.465200
vt 0.467578 0.597482
vt 0.488699 0.597482
vt 0.488699 0.756608
vt 0.467578 0.756608
vt 0.557771 0.964460
vt 0.566496 0.963924
vt 0.566496 0.979014
vt 0.557771 0.979550
vt 0.797985 0.438368
vt 0.789252 0.438819
vt 0.789252 0.353054
vt 0.797985 0.352603
vt 0.148289 0.830183
vt 0.139551 0.830378
vt 0.640660 0.944575
vt 0.649399 0.944355
vt 0.649399 0.963942
vt 0.640660 0.964163
vt 0.364440 0.835904
vt 0.385561 0.835904
vt 0.385561 0.944918
vt 0.364440 0.944918
vt 0.972014 0.388570
vt 0.963272 0.388746
vt 0.963272 0.285669
vt 0.972014 0.285493
vt 0.521427 0.944290
vt 0.512685 0.944290
vt 0.512674 0.923170
vt 0.521416 0.923170
vt 0.936655 0.614762
vt 0.945399 0.614793
vt 0.945399 0.726552
vt 0.936655 0.726521
vt 0.640669 0.808416
vt 0.649409 0.808416
vt 0.649400 0.920379
vt 0.640660 0.920379
vt 0.879885 0.965701
vt 0.871146 0.965469
vt 0.871146 0.946019
vt 0.879885 0.946250
vt 0.963272 0.011988
vt 0.972012 0.012236
vt 0.972012 0.116425
vt 0.963272 0.116177
vt 0.873079 0.323810
vt 0.894200 0.323810
vt 0.894200 0.439655
vt 0.873079 0.439655
vt 0.193260 0.959327
vt 0.184523 0.959090
vt 0.184523 0.851970
vt 0.193260 0.852207
vt 0.948960 0.932888
vt 0.957702 0.932712
vt 0.957702 0.952683
vt 0.948960 0.952859
vt 0.871146 0.635826
vt 0.879885 0.635606
vt 0.879885 0.775841
vt 0.871146 0.776062
vt 0.512674 0.597482
vt 0.533795 0.597482
vt 0.533795 0.748694
vt 0.512674 0.748694
vt 0.950891 0.421883
vt 0.959624 0.421432
vt 0.959624 0.437264
vt 0.950891 0.437715
vt 0.830687 0.433907
vt 0.821960 0.434428
vt 0.821960 0.353124
vt 0.830687 0.352603
vt 0.103515 0.830511
vt 0.094775 0.830690
vt 0.595564 0.808416
vt 0.616685 0.808416
vt 0.616685 0.922034
vt 0.595564 0.922034
s 0
usemtl Material.004
f 852/907/498 858/908/498 859/909/498 853/910/498
f 853/911/499 859/912/499 860/913/499 854/914/499
f 854/914/500 860/913/500 861/915/500 855/916/500
f 855/917/501 861/918/501 862/919/501 856/920/501
f 856/920/502 862/919/502 863/921/502 857/922/502
f 858/923/503 864/924/503 865/925/503 859/926/503
f 859/912/504 865/927/504 866/928/504 860/913/504
f 860/913/500 866/928/500 867/929/500 861/915/500
f 861/930/505 867/931/505 868/932/505 862/933/505
f 862/933/506 868/932/506 869/934/506 863/935/506
f 864/924/507 870/936/507 871/937/507 865/925/507
f 865/927/508 871/938/508 872/939/508 866/928/508
f 866/928/500 872/939/500 873/940/500 867/929/500
f 867/931/509 873/941/509 874/942/509 868/932/509
f 868/932/510 874/942/510 875/943/510 869/934/510
f 870/936/511 876/944/511 877/945/511 871/937/511
f 871/938/512 877/946/512 878/947/512 872/939/512
f 872/939/500 878/947/500 879/948/500 873/940/500
f 873/941/513 879/949/513 880/950/513 874/942/513
f 874/942/514 880/950/514 881/951/514 875/943/514
f 876/944/515 882/952/515 883/953/515 877/945/515
f 877/946/516 883/954/516 884/955/516 878/947/516
f 878/947/500 884/955/500 885/956/500 879/948/500
f 879/949/517 885/957/517 886/958/517 880/950/517
f 880/950/518 886/958/518 887/959/518 881/951/518
f 882/952/519 888/960/519 889/961/519 883/953/519
f 883/954/520 889/962/520 890/963/520 884/955/520
f 884/955/500 890/963/500 891/964/500 885/956/500
f 885/957/521 891/965/521 892/966/521 886/958/521
f 886/958/522 892/966/522 893/967/522 887/959/522
f 888/968/523 894/969/523 895/970/523 889/971/523
f 889/962/524 895/972/524 896/973/524 890/963/524
f 890/963/500 896/973/500 897/974/500 891/964/500
f 891/975/525 897/976/525 898/977/525 892/978/525
f 892/978/526 898/977/526 899/979/526 893/980/526
f 894/969/527 900/981/527 901/982/527 895/970/527
f 895/972/528 901/983/528 902/984/528 896/973/528
f 896/973/500 902/984/500 903/985/500 897/974/500
f 897/976/529 903/986/529 904/987/529 898/977/529
f 898/977/530 904/987/530 905/988/530 899/979/530
f 900/981/531 906/989/531 907/990/531 901/982/531
f 901/983/532 907/991/532 908/992/532 902/984/532
f 902/984/500 908/992/500 909/993/500 903/985/500
f 903/986/533 909/994/533 910/995/533 904/987/533
f 904/987/534 910/995/534 911/996/534 905/988/534
f 906/989/535 912/997/535 913/998/535 907/990/535
f 907/991/536 913/999/536 914/1000/536 908/992/536
f 908/992/500 914/1000/500 915/1001/500 909/993/500
f 909/994/537 915/1002/537 916/1003/537 910/995/537
f 910/995/538 916/1003/538 917/1004/538 911/996/538
f 912/1005/539 918/1006/539 919/1007/539 913/1008/539
f 913/999/540 919/1009/540 920/1010/540 914/1000/540
f 914/1000/500 920/1010/500 921/1011/500 915/1001/500
f 915/1012/541 921/1013/541 922/1014/541 916/1015/541
f 916/1015/542 922/1014/542 923/1016/542 917/1017/542
f 918/1006/543 924/1018/543 925/1019/543 919/1007/543
f 919/1009/544 925/1020/544 926/1021/544 920/1010/544
f 920/1010/500 926/1021/500 927/1022/500 921/1011/500
f 921/1013/545 927/1023/545 928/1024/545 922/1014/545
f 922/1014/546 928/1024/546 929/1025/546 923/1016/546
f 924/1018/547 930/1026/547 931/1027/547 925/1019/547
f 925/1020/548 931/1028/548 932/1029/548 926/1021/548
f 926/1021/500 932/1029/500 933/1030/500 927/1022/500
f 927/1023/549 933/1031/549 934/1032/549 928/1024/549
f 928/1024/550 934/1032/550 935/1033/550 929/1025/550
f 930/1026/551 936/1034/551 937/1035/551 931/1027/551
f 931/1028/552 937/1036/552 938/1037/552 932/1029/552
f 932/1029/500 938/1037/500 939/1038/500 933/1030/500
f 933/1031/553 939/1039/553 940/1040/553 934/1032/553
f 934/1032/554 940/1040/554 941/1041/554 935/1033/554
f 936/1034/555 942/1042/555 943/1043/555 937/1035/555
f 937/1036/556 943/1044/556 944/1045/556 938/1037/556
f 938/1037/500 944/1045/500 945/1046/500 939/1038/500
f 939/1039/557 945/1047/557 946/1048/557 940/1040/557
f 940/1040/558 946/1048/558 947/1049/558 941/1041/558
f 942/1050/559 948/1051/559 949/1052/559 943/1053/559
f 943/1044/560 949/1054/560 950/1055/560 944/1045/560
f 944/1045/500 950/1055/500 951/1056/500 945/1046/500
f 945/1057/561 951/1058/561 952/1059/561 946/1060/561
f 946/1060/562 952/1059/562 953/1061/562 947/1062/562
f 948/1051/563 954/1063/563 955/1064/563 949/1052/563
f 949/1054/564 955/1065/564 956/1066/564 950/1055/564
f 950/1055/500 956/1066/500 957/1067/500 951/1056/500
f 951/1058/565 957/1068/565 958/1069/565 952/1059/565
f 952/1059/566 958/1069/566 959/1070/566 953/1061/566
f 954/1063/567 960/1071/567 961/1072/567 955/1064/567
f 955/1065/568 961/1073/568 962/1074/568 956/1066/568
f 956/1066/500 962/1074/500 963/1075/500 957/1067/500
f 957/1068/569 963/1076/569 964/1077/569 958/1069/569
f 958/1069/570 964/1077/570 965/1078/570 959/1070/570
f 960/1071/571 852/907/571 853/910/571 961/1072/571
f 961/1073/572 853/911/572 854/914/572 962/1074/572
f 962/1074/500 854/914/500 855/916/500 963/1075/500
f 963/1076/573 855/917/573 856/920/573 964/1077/573
f 964/1077/574 856/920/574 857/922/574 965/1078/574
f 999/1079/575 966/1080/575 967/1081/575 1000/1082/575
f 1000/1082/576 967/1081/576 968/1083/576 1002/1084/576
f 1002/1084/577 968/1083/577 969/1085/577 1004/1086/577
f 1004/1086/578 969/1085/578 970/1087/578 1006/1088/578
f 1006/1088/579 970/1087/579 971/1089/579 1008/1090/579
f 1008/1090/580 971/1089/580 972/1091/580 1010/1092/580
f 1010/1093/581 972/1094/581 973/1095/581 1012/1096/581
f 1012/1096/582 973/1095/582 974/1097/582 1014/1098/582
f 1014/1098/583 974/1097/583 975/1099/583 1016/1100/583
f 1016/1100/584 975/1099/584 976/1101/584 1018/1102/584
f 1018/1102/585 976/1101/585 977/1103/585 1020/1104/585
f 1020/1104/586 977/1103/586 978/1105/586 1022/1106/586
f 1022/1106/587 978/1105/587 979/1107/587 1024/1108/587
f 1024/1108/588 979/1107/588 980/1109/588 1026/1110/588
f 1026/1111/589 980/1112/589 981/1113/589 1028/1114/589
f 1028/1114/590 981/1113/590 982/1115/590 1030/1116/590
f 1030/1116/591 982/1115/591 983/1117/591 1032/1118/591
f 1032/1118/592 983/1117/592 984/1119/592 1034/1120/592
f 1034/1120/593 984/1119/593 985/1121/593 1036/1122/593
f 1036/1122/594 985/1121/594 986/1123/594 1038/1124/594
f 1038/1124/595 986/1123/595 987/1125/595 1040/1126/595
f 1040/1126/596 987/1125/596 988/1127/596 1042/1128/596
f 1042/1129/597 988/1130/597 989/1131/597 1044/1132/597
f 1044/1132/598 989/1131/598 990/1133/598 1046/1134/598
f 1046/1134/599 990/1133/599 991/1135/599 1048/1136/599
f 1048/1136/600 991/1135/600 992/1137/600 1050/1138/600
f 1050/1138/601 992/1137/601 993/1139/601 1052/1140/601
f 1052/1140/602 993/1139/602 994/1141/602 1054/1142/602
f 1054/1142/603 994/1141/603 995/1143/603 1056/1144/603
f 1056/1144/604 995/1143/604 996/1145/604 1058/1146/604
f 967/1147/500 966/1148/500 997/1149/500 996/1150/500 995/1151/500 994/1152/500 993/1153/500 992/1154/500 991/1155/500 990/1156/500 989/1157/500 988/1158/500 987/1159/500 986/1160/500 985/1161/500 984/1162/500 983/1163/500 982/1164/500 981/1165/500 980/1166/500 979/1167/500 978/1168/500 977/1169/500 976/1170/500 975/1171/500 974/1172/500 973/1173/500 972/1174/500 971/1175/500 970/1176/500 969/1177/500 968/1178/500
f 1058/1179/605 996/1180/605 997/1181/605 1060/1182/605
f 1060/1182/606 997/1181/606 966/1080/606 999/1079/606
f 1061/1183/606 1060/1182/606 999/1079/606 998/1184/606
f 1057/1185/604 1056/1144/604 1058/1146/604 1059/1186/604
f 1054/1187/500 1056/1188/500 1068/1189/500 1066/1190/500
f 1053/1191/602 1052/1140/602 1054/1142/602 1055/1192/602
f 1052/1193/577 1053/1194/577 1065/1195/577 1064/1196/577
f 1049/1197/600 1048/1136/600 1050/1138/600 1051/1198/600
f 1048/1199/575 1049/1200/575 1121/1201/575 1120/1202/575
f 1045/1203/598 1044/1132/598 1046/1134/598 1047/1204/598
f 1041/1205/596 1040/1126/596 1042/1128/596 1043/1206/596
f 1037/1207/594 1036/1122/594 1038/1124/594 1039/1208/594
f 1034/1209/500 1036/1210/500 1112/1211/500 1110/1212/500
f 1033/1213/592 1032/1118/592 1034/1120/592 1035/1214/592
f 1031/1215/583 1030/1216/583 1106/1217/583 1107/1218/583
f 1029/1219/590 1028/1114/590 1030/1116/590 1031/1220/590
f 1026/1221/500 1028/1222/500 1104/1223/500 1102/1224/500
f 1025/1225/588 1024/1108/588 1026/1110/588 1027/1226/588
f 1024/1227/595 1025/1228/595 1101/1229/595 1100/1230/595
f 1021/1231/586 1020/1104/586 1022/1106/586 1023/1232/586
f 1017/1233/584 1016/1100/584 1018/1102/584 1019/1234/584
f 1013/1235/582 1012/1096/582 1014/1098/582 1015/1236/582
f 1010/1237/500 1012/1238/500 1088/1239/500 1086/1240/500
f 1009/1241/580 1008/1090/580 1010/1092/580 1011/1242/580
f 1008/1243/587 1009/1244/587 1085/1245/587 1084/1246/587
f 1005/1247/578 1004/1086/578 1006/1088/578 1007/1248/578
f 1004/1249/607 1005/1250/607 1081/1251/607 1080/1252/607
f 1001/1253/576 1000/1082/576 1002/1084/576 1003/1254/576
f 1063/1255/601 1062/1256/601 1064/1257/601 1065/1258/601
f 1051/1259/593 1050/1260/593 1062/1261/593 1063/1262/593
f 1050/1263/500 1052/1264/500 1064/1265/500 1062/1266/500
f 1067/1267/603 1066/1268/603 1068/1269/603 1069/1270/603
f 1056/1271/579 1057/1272/579 1069/1273/579 1068/1274/579
f 1055/1275/595 1054/1276/595 1066/1277/595 1067/1278/595
f 1071/1279/605 1070/1280/605 1072/1281/605 1073/1282/605
f 1058/1283/500 1060/1284/500 1072/1285/500 1070/1286/500
f 1060/1287/581 1061/1288/581 1073/1289/581 1072/1290/581
f 1059/1186/597 1058/1146/597 1070/1291/597 1071/1292/597
f 1074/1293/575 1075/1294/575 1076/1295/575 1077/1296/575
f 1000/1297/583 1001/1298/583 1077/1299/583 1076/1300/583
f 998/1301/599 999/1302/599 1075/1303/599 1074/1304/599
f 999/1305/500 1000/1306/500 1076/1307/500 1075/1308/500
f 1079/1309/577 1078/1310/577 1080/1311/577 1081/1312/577
f 1003/1313/608 1002/1314/608 1078/1315/608 1079/1316/608
f 1002/1317/609 1004/1318/609 1080/1319/609 1078/1320/609
f 1083/1321/579 1082/1322/579 1084/1323/579 1085/1324/579
f 1007/1325/603 1006/1326/603 1082/1327/603 1083/1328/603
f 1006/1329/500 1008/1330/500 1084/1331/500 1082/1332/500
f 1087/1333/581 1086/1334/581 1088/1335/581 1089/1336/581
f 1012/1337/589 1013/1338/589 1089/1339/589 1088/1340/589
f 1011/1242/605 1010/1092/605 1086/1341/605 1087/1342/605
f 1091/1343/583 1090/1344/583 1092/1345/583 1093/1346/583
f 1014/1347/500 1016/1348/500 1092/1349/500 1090/1350/500
f 1016/1351/591 1017/1352/591 1093/1353/591 1092/1354/591
f 1015/1355/575 1014/1356/575 1090/1357/575 1091/1358/575
f 1095/1359/585 1094/1360/585 1096/1361/585 1097/1362/585
f 1020/1363/593 1021/1364/593 1097/1365/593 1096/1366/593
f 1019/1367/577 1018/1368/577 1094/1369/577 1095/1370/577
f 1018/1371/500 1020/1372/500 1096/1373/500 1094/1374/500
f 1099/1375/587 1098/1376/587 1100/1377/587 1101/1378/587
f 1023/1379/579 1022/1380/579 1098/1381/579 1099/1382/579
f 1022/1383/500 1024/1384/500 1100/1385/500 1098/1386/500
f 1103/1387/589 1102/1388/589 1104/1389/589 1105/1390/589
f 1028/1391/597 1029/1392/597 1105/1393/597 1104/1394/597
f 1027/1226/581 1026/1110/581 1102/1395/581 1103/1396/581
f 1107/1397/591 1106/1398/591 1108/1399/591 1109/1400/591
f 1030/1401/500 1032/1402/500 1108/1403/500 1106/1404/500
f 1032/1405/599 1033/1406/599 1109/1407/599 1108/1408/599
f 1111/1409/593 1110/1410/593 1112/1411/593 1113/1412/593
f 1036/1413/601 1037/1414/601 1113/1415/601 1112/1416/601
f 1035/1417/585 1034/1418/585 1110/1419/585 1111/1420/585
f 1115/1421/595 1114/1422/595 1116/1423/595 1117/1424/595
f 1040/1425/603 1041/1426/603 1117/1427/603 1116/1428/603
f 1038/1429/500 1040/1430/500 1116/1431/500 1114/1432/500
f 1039/1433/587 1038/1434/587 1114/1435/587 1115/1436/587
f 1119/1437/599 1118/1438/599 1120/1439/599 1121/1440/599
f 1047/1441/591 1046/1442/591 1118/1443/591 1119/1444/591
f 1046/1445/500 1048/1446/500 1120/1447/500 1118/1448/500
f 1123/1449/597 1122/1450/597 1124/1451/597 1125/1452/597
f 1044/1453/605 1045/1454/605 1125/1455/605 1124/1456/605
f 1043/1206/589 1042/1128/589 1122/1457/589 1123/1458/589
f 1042/1459/500 1044/1460/500 1124/1461/500 1122/1462/500
f 852/907/610 1126/910/610 1130/909/610 858/908/610
f 1126/911/611 1127/914/611 1131/913/611 1130/912/611
f 1127/914/612 1128/916/612 1132/915/612 1131/913/612
f 1128/917/613 1129/920/613 1133/919/613 1132/918/613
f 1129/920/614 857/922/614 863/921/614 1133/919/614
f 858/923/615 1130/926/615 1134/925/615 864/924/615
f 1130/912/616 1131/913/616 1135/928/616 1134/927/616
f 1131/913/612 1132/915/612 1136/929/612 1135/928/612
f 1132/930/617 1133/933/617 1137/932/617 1136/931/617
f 1133/933/618 863/935/618 869/934/618 1137/932/618
f 864/924/619 1134/925/619 1138/937/619 870/936/619
f 1134/927/620 1135/928/620 1139/939/620 1138/938/620
f 1135/928/612 1136/929/612 1140/940/612 1139/939/612
f 1136/931/621 1137/932/621 1141/942/621 1140/941/621
f 1137/932/622 869/934/622 875/943/622 1141/942/622
f 870/936/623 1138/937/623 1142/945/623 876/944/623
f 1138/938/624 1139/939/624 1143/947/624 1142/946/624
f 1139/939/612 1140/940/612 1144/948/612 1143/947/612
f 1140/941/625 1141/942/625 1145/950/625 1144/949/625
f 1141/942/626 875/943/626 881/951/626 1145/950/626
f 876/944/627 1142/945/627 1146/953/627 882/952/627
f 1142/946/628 1143/947/628 1147/955/628 1146/954/628
f 1143/947/612 1144/948/612 1148/956/612 1147/955/612
f 1144/949/629 1145/950/629 1149/958/629 1148/957/629
f 1145/950/630 881/951/630 887/959/630 1149/958/630
f 882/952/631 1146/953/631 1150/961/631 888/960/631
f 1146/954/632 1147/955/632 1151/963/632 1150/962/632
f 1147/955/612 1148/956/612 1152/964/612 1151/963/612
f 1148/957/633 1149/958/633 1153/966/633 1152/965/633
f 1149/958/634 887/959/634 893/967/634 1153/966/634
f 888/968/635 1150/971/635 1154/970/635 894/969/635
f 1150/962/636 1151/963/636 1155/973/636 1154/972/636
f 1151/963/612 1152/964/612 1156/974/612 1155/973/612
f 1152/975/637 1153/978/637 1157/977/637 1156/976/637
f 1153/978/638 893/980/638 899/979/638 1157/977/638
f 894/969/639 1154/970/639 1158/982/639 900/981/639
f 1154/972/640 1155/973/640 1159/984/640 1158/983/640
f 1155/973/612 1156/974/612 1160/985/612 1159/984/612
f 1156/976/641 1157/977/641 1161/987/641 1160/986/641
f 1157/977/642 899/979/642 905/988/642 1161/987/642
f 900/981/643 1158/982/643 1162/990/643 906/989/643
f 1158/983/644 1159/984/644 1163/992/644 1162/991/644
f 1159/984/612 1160/985/612 1164/993/612 1163/992/612
f 1160/986/645 1161/987/645 1165/995/645 1164/994/645
f 1161/987/646 905/988/646 911/996/646 1165/995/646
f 906/989/647 1162/990/647 1166/998/647 912/997/647
f 1162/991/648 1163/992/648 1167/1000/648 1166/999/648
f 1163/992/612 1164/993/612 1168/1001/612 1167/1000/612
f 1164/994/649 1165/995/649 1169/1003/649 1168/1002/649
f 1165/995/650 911/996/650 917/1004/650 1169/1003/650
f 912/1005/651 1166/1008/651 1170/1007/651 918/1006/651
f 1166/999/652 1167/1000/652 1171/1010/652 1170/1009/652
f 1167/1000/612 1168/1001/612 1172/1011/612 1171/1010/612
f 1168/1012/653 1169/1015/653 1173/1014/653 1172/1013/653
f 1169/1015/654 917/1017/654 923/1016/654 1173/1014/654
f 918/1006/655 1170/1007/655 1174/1019/655 924/1018/655
f 1170/1009/656 1171/1010/656 1175/1021/656 1174/1020/656
f 1171/1010/612 1172/1011/612 1176/1022/612 1175/1021/612
f 1172/1013/657 1173/1014/657 1177/1024/657 1176/1023/657
f 1173/1014/658 923/1016/658 929/1025/658 1177/1024/658
f 924/1018/659 1174/1019/659 1178/1027/659 930/1026/659
f 1174/1020/660 1175/1021/660 1179/1029/660 1178/1028/660
f 1175/1021/612 1176/1022/612 1180/1030/612 1179/1029/612
f 1176/1023/661 1177/1024/661 1181/1032/661 1180/1031/661
f 1177/1024/662 929/1025/662 935/1033/662 1181/1032/662
f 930/1026/663 1178/1027/663 1182/1035/663 936/1034/663
f 1178/1028/664 1179/1029/664 1183/1037/664 1182/1036/664
f 1179/1029/612 1180/1030/612 1184/1038/612 1183/1037/612
f 1180/1031/665 1181/1032/665 1185/1040/665 1184/1039/665
f 1181/1032/666 935/1033/666 941/1041/666 1185/1040/666
f 936/1034/667 1182/1035/667 1186/1043/667 942/1042/667
f 1182/1036/668 1183/1037/668 1187/1045/668 1186/1044/668
f 1183/1037/612 1184/1038/612 1188/1046/612 1187/1045/612
f 1184/1039/669 1185/1040/669 1189/1048/669 1188/1047/669
f 1185/1040/670 941/1041/670 947/1049/670 1189/1048/670
f 942/1050/671 1186/1053/671 1190/1052/671 948/1051/671
f 1186/1044/672 1187/1045/672 1191/1055/672 1190/1054/672
f 1187/1045/612 1188/1046/612 1192/1056/612 1191/1055/612
f 1188/1057/673 1189/1060/673 1193/1059/673 1192/1058/673
f 1189/1060/674 947/1062/674 953/1061/674 1193/1059/674
f 948/1051/675 1190/1052/675 1194/1064/675 954/1063/675
f 1190/1054/676 1191/1055/676 1195/1066/676 1194/1065/676
f 1191/1055/612 1192/1056/612 1196/1067/612 1195/1066/612
f 1192/1058/677 1193/1059/677 1197/1069/677 1196/1068/677
f 1193/1059/678 953/1061/678 959/1070/678 1197/1069/678
f 954/1063/679 1194/1064/679 1198/1072/679 960/1071/679
f 1194/1065/680 1195/1066/680 1199/1074/680 1198/1073/680
f 1195/1066/612 1196/1067/612 1200/1075/612 1199/1074/612
f 1196/1068/681 1197/1069/681 1201/1077/681 1200/1076/681
f 1197/1069/682 959/1070/682 965/1078/682 1201/1077/682
f 960/1071/683 1198/1072/683 1126/910/683 852/907/683
f 1198/1073/684 1199/1074/684 1127/914/684 1126/911/684
f 1199/1074/612 1200/1075/612 1128/916/612 1127/914/612
f 1200/1076/685 1201/1077/685 1129/920/685 1128/917/685
f 1201/1077/686 965/1078/686 857/922/686 1129/920/686
f 1235/1079/575 1236/1082/575 1203/1081/575 1202/1080/575
f 1236/1082/576 1238/1084/576 1204/1083/576 1203/1081/576
f 1238/1084/577 1240/1086/577 1205/1085/577 1204/1083/577
f 1240/1086/578 1242/1088/578 1206/1087/578 1205/1085/578
f 1242/1088/579 1244/1090/579 1207/1089/579 1206/1087/579
f 1244/1090/580 1246/1092/580 1208/1091/580 1207/1089/580
f 1246/1093/581 1248/1096/581 1209/1095/581 1208/1094/581
f 1248/1096/582 1250/1098/582 1210/1097/582 1209/1095/582
f 1250/1098/583 1252/1100/583 1211/1099/583 1210/1097/583
f 1252/1100/584 1254/1102/584 1212/1101/584 1211/1099/584
f 1254/1102/585 1256/1104/585 1213/1103/585 1212/1101/585
f 1256/1104/586 1258/1106/586 1214/1105/586 1213/1103/586
f 1258/1106/587 1260/1108/587 1215/1107/587 1214/1105/587
f 1260/1108/588 1262/1110/588 1216/1109/588 1215/1107/588
f 1262/1111/589 1264/1114/589 1217/1113/589 1216/1112/589
f 1264/1114/590 1266/1116/590 1218/1115/590 1217/1113/590
f 1266/1116/591 1268/1118/591 1219/1117/591 1218/1115/591
f 1268/1118/592 1270/1120/592 1220/1119/592 1219/1117/592
f 1270/1120/593 1272/1122/593 1221/1121/593 1220/1119/593
f 1272/1122/594 1274/1124/594 1222/1123/594 1221/1121/594
f 1274/1124/595 1276/1126/595 1223/1125/595 1222/1123/595
f 1276/1126/596 1278/1128/596 1224/1127/596 1223/1125/596
f 1278/1129/597 1280/1132/597 1225/1131/597 1224/1130/597
f 1280/1132/598 1282/1134/598 1226/1133/598 1225/1131/598
f 1282/1134/599 1284/1136/599 1227/1135/599 1226/1133/599
f 1284/1136/600 1286/1138/600 1228/1137/600 1227/1135/600
f 1286/1138/601 1288/1140/601 1229/1139/601 1228/1137/601
f 1288/1140/602 1290/1142/602 1230/1141/602 1229/1139/602
f 1290/1142/603 1292/1144/603 1231/1143/603 1230/1141/603
f 1292/1144/604 1294/1146/604 1232/1145/604 1231/1143/604
f 1203/1147/612 1204/1178/612 1205/1177/612 1206/1176/612 1207/1175/612 1208/1174/612 1209/1173/612 1210/1172/612 1211/1171/612 1212/1170/612 1213/1169/612 1214/1168/612 1215/1167/612 1216/1166/612 1217/1165/612 1218/1164/612 1219/1163/612 1220/1162/612 1221/1161/612 1222/1160/612 1223/1159/612 1224/1158/612 1225/1157/612 1226/1156/612 1227/1155/612 1228/1154/612 1229/1153/612 1230/1152/612 1231/1151/612 1232/1150/612 1233/1149/612 1202/1148/612
f 1294/1179/605 1296/1182/605 1233/1181/605 1232/1180/605
f 1296/1182/606 1235/1079/606 1202/1080/606 1233/1181/606
f 1297/1183/606 1234/1184/606 1235/1079/606 1296/1182/606
f 1293/1185/604 1295/1186/604 1294/1146/604 1292/1144/604
f 1290/1187/612 1302/1190/612 1304/1189/612 1292/1188/612
f 1289/1191/602 1291/1192/602 1290/1142/602 1288/1140/602
f 1288/1193/577 1300/1196/577 1301/1195/577 1289/1194/577
f 1285/1197/600 1287/1198/600 1286/1138/600 1284/1136/600
f 1284/1199/575 1356/1202/575 1357/1201/575 1285/1200/575
f 1281/1203/598 1283/1204/598 1282/1134/598 1280/1132/598
f 1277/1205/596 1279/1206/596 1278/1128/596 1276/1126/596
f 1273/1207/594 1275/1208/594 1274/1124/594 1272/1122/594
f 1270/1209/612 1346/1212/612 1348/1211/612 1272/1210/612
f 1269/1213/592 1271/1214/592 1270/1120/592 1268/1118/592
f 1267/1215/583 1343/1218/583 1342/1217/583 1266/1216/583
f 1265/1219/590 1267/1220/590 1266/1116/590 1264/1114/590
f 1262/1221/612 1338/1224/612 1340/1223/612 1264/1222/612
f 1261/1225/588 1263/1226/588 1262/1110/588 1260/1108/588
f 1260/1227/595 1336/1230/595 1337/1229/595 1261/1228/595
f 1257/1231/586 1259/1232/586 1258/1106/586 1256/1104/586
f 1253/1233/584 1255/1234/584 1254/1102/584 1252/1100/584
f 1249/1235/582 1251/1236/582 1250/1098/582 1248/1096/582
f 1246/1237/612 1322/1240/612 1324/1239/612 1248/1238/612
f 1245/1241/580 1247/1242/580 1246/1092/580 1244/1090/580
f 1244/1243/587 1320/1246/587 1321/1245/587 1245/1244/587
f 1241/1247/578 1243/1248/578 1242/1088/578 1240/1086/578
f 1240/1249/607 1316/1252/607 1317/1251/607 1241/1250/607
f 1237/1253/576 1239/1254/576 1238/1084/576 1236/1082/576
f 1299/1255/601 1301/1258/601 1300/1257/601 1298/1256/601
f 1287/1259/593 1299/1262/593 1298/1261/593 1286/1260/593
f 1286/1263/612 1298/1266/612 1300/1265/612 1288/1264/612
f 1303/1267/603 1305/1270/603 1304/1269/603 1302/1268/603
f 1292/1271/579 1304/1274/579 1305/1273/579 1293/1272/579
f 1291/1275/595 1303/1278/595 1302/1277/595 1290/1276/595
f 1307/1279/605 1309/1282/605 1308/1281/605 1306/1280/605
f 1294/1283/612 1306/1286/612 1308/1285/612 1296/1284/612
f 1296/1287/581 1308/1290/581 1309/1289/581 1297/1288/581
f 1295/1186/597 1307/1292/597 1306/1291/597 1294/1146/597
f 1310/1293/575 1313/1296/575 1312/1295/575 1311/1294/575
f 1236/1297/583 1312/1300/583 1313/1299/583 1237/1298/583
f 1234/1301/599 1310/1304/599 1311/1303/599 1235/1302/599
f 1235/1305/612 1311/1308/612 1312/1307/612 1236/1306/612
f 1315/1309/577 1317/1312/577 1316/1311/577 1314/1310/577
f 1239/1313/608 1315/1316/608 1314/1315/608 1238/1314/608
f 1238/1317/687 1314/1320/687 1316/1319/687 1240/1318/687
f 1319/1321/579 1321/1324/579 1320/1323/579 1318/1322/579
f 1243/1325/603 1319/1328/603 1318/1327/603 1242/1326/603
f 1242/1329/612 1318/1332/612 1320/1331/612 1244/1330/612
f 1323/1333/581 1325/1336/581 1324/1335/581 1322/1334/581
f 1248/1337/589 1324/1340/589 1325/1339/589 1249/1338/589
f 1247/1242/605 1323/1342/605 1322/1341/605 1246/1092/605
f 1327/1343/583 1329/1346/583 1328/1345/583 1326/1344/583
f 1250/1347/612 1326/1350/612 1328/1349/612 1252/1348/612
f 1252/1351/591 1328/1354/591 1329/1353/591 1253/1352/591
f 1251/1355/575 1327/1358/575 1326/1357/575 1250/1356/575
f 1331/1359/585 1333/1362/585 1332/1361/585 1330/1360/585
f 1256/1363/593 1332/1366/593 1333/1365/593 1257/1364/593
f 1255/1367/577 1331/1370/577 1330/1369/577 1254/1368/577
f 1254/1371/612 1330/1374/612 1332/1373/612 1256/1372/612
f 1335/1375/587 1337/1378/587 1336/1377/587 1334/1376/587
f 1259/1379/579 1335/1382/579 1334/1381/579 1258/1380/579
f 1258/1383/612 1334/1386/612 1336/1385/612 1260/1384/612
f 1339/1387/589 1341/1390/589 1340/1389/589 1338/1388/589
f 1264/1391/597 1340/1394/597 1341/1393/597 1265/1392/597
f 1263/1226/581 1339/1396/581 1338/1395/581 1262/1110/581
f 1343/1397/591 1345/1400/591 1344/1399/591 1342/1398/591
f 1266/1401/612 1342/1404/612 1344/1403/612 1268/1402/612
f 1268/1405/599 1344/1408/599 1345/1407/599 1269/1406/599
f 1347/1409/593 1349/1412/593 1348/1411/593 1346/1410/593
f 1272/1413/601 1348/1416/601 1349/1415/601 1273/1414/601
f 1271/1417/585 1347/1420/585 1346/1419/585 1270/1418/585
f 1351/1421/595 1353/1424/595 1352/1423/595 1350/1422/595
f 1276/1425/603 1352/1428/603 1353/1427/603 1277/1426/603
f 1274/1429/612 1350/1432/612 1352/1431/612 1276/1430/612
f 1275/1433/587 1351/1436/587 1350/1435/587 1274/1434/587
f 1355/1437/599 1357/1440/599 1356/1439/599 1354/1438/599
f 1283/1441/591 1355/1444/591 1354/1443/591 1282/1442/591
f 1282/1445/612 1354/1448/612 1356/1447/612 1284/1446/612
f 1359/1449/597 1361/1452/597 1360/1451/597 1358/1450/597
f 1280/1453/605 1360/1456/605 1361/1455/605 1281/1454/605
f 1279/1206/589 1359/1458/589 1358/1457/589 1278/1128/589
f 1278/1459/612 1358/1462/612 1360/1461/612 1280/1460/612
o BackWheel
g BackWheel
v 1.240626 1.033274 -0.002627
v 1.294544 1.027964 -0.002627
v 1.346390 1.012236 -0.002627
v 1.394172 0.986696 -0.002627
v 1.436053 0.952326 -0.002627
v 1.470423 0.910445 -0.002627
v 1.495963 0.862663 -0.002627
v 1.511691 0.810817 -0.002627
v 1.517001 0.756899 -0.002627
v 1.511691 0.702980 -0.002627
v 1.495963 0.651134 -0.002627
v 1.470423 0.603353 -0.002627
v 1.436053 0.561472 -0.002627
v 1.394172 0.527101 -0.002627
v 1.346390 0.501561 -0.002627
v 1.294544 0.485834 -0.002627
v 1.240626 0.480523 -0.002627
v 1.186707 0.485834 -0.002627
v 1.134861 0.501561 -0.002627
v 1.087080 0.527101 -0.002627
v 1.045199 0.561472 -0.002627
v 1.010828 0.603353 -0.002627
v 0.985288 0.651134 -0.002627
v 0.969561 0.702980 -0.002627
v 0.964250 0.756899 -0.002627
v 0.969561 0.810817 -0.002627
v 0.985288 0.862663 -0.002627
v 1.010828 0.910445 -0.002627
v 1.045199 0.952326 -0.002627
v 1.087080 0.986696 -0.002627
v 1.134861 1.012236 -0.002627
v 1.186707 1.027964 -0.002627
v 1.240626 1.033274 -0.002627
v 1.240626 1.033274 -0.002627
v 1.294544 1.027964 -0.002627
v 1.294544 1.027964 -0.002627
v 1.346390 1.012236 -0.002627
v 1.346390 1.012236 -0.002627
v 1.394172 0.986696 -0.002627
v 1.394172 0.986696 -0.002627
v 1.436053 0.952326 -0.002627
v 1.436053 0.952326 -0.002627
v 1.470423 0.910445 -0.002627
v 1.470423 0.910445 -0.002627
v 1.495963 0.862663 -0.002627
v 1.495963 0.862663 -0.002627
v 1.511691 0.810817 -0.002627
v 1.511691 0.810817 -0.002627
v 1.517001 0.756899 -0.002627
v 1.517001 0.756899 -0.002627
v 1.511691 0.702980 -0.002627
v 1.511691 0.702980 -0.002627
v 1.495963 0.651134 -0.002627
v 1.495963 0.651134 -0.002627
v 1.470423 0.603353 -0.002627
v 1.470423 0.603353 -0.002627
v 1.436053 0.561472 -0.002627
v 1.436053 0.561472 -0.002627
v 1.394172 0.527101 -0.002627
v 1.394172 0.527101 -0.002627
v 1.346390 0.501561 -0.002627
v 1.346390 0.501561 -0.002627
v 1.294544 0.485834 -0.002627
v 1.294544 0.485834 -0.002627
v 1.240626 0.480523 -0.002627
v 1.240626 0.480523 -0.002627
v 1.186707 0.485834 -0.002627
v 1.186707 0.485834 -0.002627
v 1.134861 0.501561 -0.002627
v 1.134861 0.501561 -0.002627
v 1.087080 0.527101 -0.002627
v 1.087080 0.527101 -0.002627
v 1.045199 0.561472 -0.002627
v 1.045199 0.561472 -0.002627
v 1.010828 0.603353 -0.002627
v 1.010828 0.603353 -0.002627
v 0.985288 0.651134 -0.002627
v 0.985288 0.651134 -0.002627
v 0.969561 0.702980 -0.002627
v 0.969561 0.702980 -0.002627
v 0.964250 0.756899 -0.002627
v 0.964250 0.756899 -0.002627
v 0.969561 0.810817 -0.002627
v 0.969561 0.810817 -0.002627
v 0.985288 0.862663 -0.002627
v 0.985288 0.862663 -0.002627
v 1.010828 0.910445 -0.002627
v 1.010828 0.910445 -0.002627
v 1.045199 0.952326 -0.002627
v 1.045199 0.952326 -0.002627
v 1.087080 0.986696 -0.002627
v 1.087080 0.986696 -0.002627
v 1.134861 1.012236 -0.002627
v 1.134861 1.012236 -0.002627
v 1.186707 1.027964 -0.002627
v 1.186707 1.027964 -0.002627
v 0.709278 1.010194 -0.002627
v 0.709278 1.010194 -0.002627
v 0.734818 1.057975 -0.002627
v 0.734818 1.057975 -0.002627
v 0.821854 1.224472 -0.002627
v 0.821854 1.224472 -0.002627
v 0.863735 1.258843 -0.002627
v 0.863735 1.258843 -0.002627
v 1.040573 1.323062 -0.002627
v 1.040573 1.323062 -0.002627
v 1.092420 1.338789 -0.002627
v 1.092420 1.338789 -0.002627
v 1.272259 1.354452 -0.002627
v 1.272259 1.354452 -0.002627
v 1.326177 1.349142 -0.002627
v 1.326177 1.349142 -0.002627
v 1.472453 1.260688 -0.002627
v 1.472453 1.260688 -0.002627
v 1.520235 1.235148 -0.002627
v 1.520235 1.235148 -0.002627
v 1.658919 1.135228 -0.002627
v 1.658919 1.135228 -0.002627
v 1.693290 1.093347 -0.002627
v 1.693290 1.093347 -0.002627
v 1.765146 0.944319 -0.002627
v 1.765146 0.944319 -0.002627
v 1.780874 0.892473 -0.002627
v 1.780874 0.892473 -0.002627
v 1.805876 0.728447 -0.002627
v 1.805876 0.728447 -0.002627
v 1.800565 0.674529 -0.002627
v 1.800565 0.674529 -0.002627
v 1.743431 0.518860 -0.002627
v 1.743431 0.518860 -0.002627
v 1.717891 0.471078 -0.002627
v 1.717891 0.471078 -0.002627
v 1.695001 0.245942 -0.002627
v 1.695001 0.245942 -0.002627
v 1.653120 0.211572 -0.002627
v 1.653120 0.211572 -0.002627
v 1.431586 0.220707 -0.002627
v 1.431586 0.220707 -0.002627
v 1.379740 0.204980 -0.002627
v 1.379740 0.204980 -0.002627
v 1.213216 0.202232 -0.002627
v 1.213216 0.202232 -0.002627
v 1.159298 0.207542 -0.002627
v 1.159298 0.207542 -0.002627
v 0.999475 0.248270 -0.002627
v 0.999475 0.248270 -0.002627
v 0.951693 0.273810 -0.002627
v 0.951693 0.273810 -0.002627
v 0.815492 0.372956 -0.002627
v 0.815492 0.372956 -0.002627
v 0.781121 0.414837 -0.002627
v 0.781121 0.414837 -0.002627
v 0.578234 0.794918 -0.002627
v 0.578234 0.794918 -0.002627
v 0.583544 0.848836 -0.002627
v 0.583544 0.848836 -0.002627
v 0.706390 0.566532 -0.002627
v 0.706390 0.566532 -0.002627
v 0.690663 0.618378 -0.002627
v 0.690663 0.618378 -0.002627
v 2.003012 0.769852 -0.002627
v 1.973886 0.769852 0.099390
v 1.897634 0.769852 0.154790
v 1.803381 0.769852 0.154790
v 1.727129 0.769852 0.099390
v 1.698003 0.769852 -0.002627
v 1.961696 1.017443 -0.002627
v 1.934149 1.007986 0.099390
v 1.862028 0.983227 0.154790
v 1.772882 0.952623 0.154790
v 1.700761 0.927864 0.099390
v 1.673213 0.918406 -0.002627
v 1.842227 1.238203 -0.002627
v 1.819242 1.220314 0.099390
v 1.759068 1.173479 0.154790
v 1.684690 1.115587 0.154790
v 1.624516 1.068752 0.099390
v 1.601532 1.050863 -0.002627
v 1.657550 1.408210 -0.002627
v 1.641619 1.383827 0.099390
v 1.599913 1.319992 0.154790
v 1.548362 1.241086 0.154790
v 1.506656 1.177250 0.099390
v 1.490725 1.152867 -0.002627
v 1.427677 1.509042 -0.002627
v 1.420527 1.480807 0.099390
v 1.401808 1.406888 0.154790
v 1.378671 1.315519 0.154790
v 1.359952 1.241600 0.099390
v 1.352802 1.213366 -0.002627
v 1.177521 1.529770 -0.002627
v 1.179926 1.500744 0.099390
v 1.186223 1.424752 0.154790
v 1.194006 1.330821 0.154790
v 1.200303 1.254829 0.099390
v 1.202708 1.225803 -0.002627
v 0.934187 1.468150 -0.002627
v 0.945887 1.441477 0.099390
v 0.976517 1.371648 0.154790
v 1.014378 1.285333 0.154790
v 1.045009 1.215503 0.099390
v 1.056708 1.188831 -0.002627
v 0.724047 1.330858 -0.002627
v 0.743773 1.309430 0.099390
v 0.795417 1.253329 0.154790
v 0.859253 1.183985 0.154790
v 0.910897 1.127884 0.099390
v 0.930624 1.106456 -0.002627
v 0.569870 1.132773 -0.002627
v 0.595486 1.118910 0.099390
v 0.662548 1.082618 0.154790
v 0.745441 1.037759 0.154790
v 0.812502 1.001467 0.099390
v 0.838118 0.987604 -0.002627
v 0.488366 0.895359 -0.002627
v 0.517095 0.890565 0.099390
v 0.592307 0.878014 0.154790
v 0.685275 0.862501 0.154790
v 0.760487 0.849950 0.099390
v 0.789216 0.845156 -0.002627
v 0.488366 0.644345 -0.002627
v 0.517095 0.649139 0.099390
v 0.592307 0.661690 0.154790
v 0.685275 0.677203 0.154790
v 0.760487 0.689754 0.099390
v 0.789216 0.694548 -0.002627
v 0.569870 0.406931 -0.002627
v 0.595486 0.420794 0.099390
v 0.662548 0.457086 0.154790
v 0.745441 0.501945 0.154790
v 0.812502 0.538237 0.099390
v 0.838118 0.552100 -0.002627
v 0.724047 0.208846 -0.002627
v 0.743773 0.230274 0.099390
v 0.795417 0.286375 0.154790
v 0.859253 0.355719 0.154790
v 0.910897 0.411820 0.099390
v 0.930624 0.433248 -0.002627
v 0.934187 0.071554 -0.002627
v 0.945887 0.098227 0.099390
v 0.976517 0.168056 0.154790
v 1.014378 0.254371 0.154790
v 1.045009 0.324201 0.099390
v 1.056708 0.350873 -0.002627
v 1.177520 0.009934 -0.002627
v 1.179925 0.038960 0.099390
v 1.186222 0.114952 0.154790
v 1.194006 0.208883 0.154790
v 1.200302 0.284875 0.099390
v 1.202708 0.313901 -0.002627
v 1.427677 0.030662 -0.002627
v 1.420527 0.058897 0.099390
v 1.401808 0.132816 0.154790
v 1.378671 0.224185 0.154790
v 1.359952 0.298104 0.099390
v 1.352802 0.326338 -0.002627
v 1.657550 0.131494 -0.002627
v 1.641619 0.155877 0.099390
v 1.599913 0.219712 0.154790
v 1.548362 0.298618 0.154790
v 1.506656 0.362454 0.099390
v 1.490725 0.386837 -0.002627
v 1.842227 0.301501 -0.002627
v 1.819242 0.319390 0.099390
v 1.759069 0.366226 0.154790
v 1.684690 0.424117 0.154790
v 1.624516 0.470952 0.099390
v 1.601532 0.488841 -0.002627
v 1.961696 0.522261 -0.002627
v 1.934149 0.531718 0.099390
v 1.862028 0.556477 0.154790
v 1.772882 0.587081 0.154790
v 1.700761 0.611840 0.099390
v 1.673213 0.621297 -0.002627
v 1.973886 0.769852 -0.104644
v 1.897634 0.769852 -0.160045
v 1.803381 0.769852 -0.160045
v 1.727129 0.769852 -0.104644
v 1.934149 1.007986 -0.104644
v 1.862028 0.983227 -0.160045
v 1.772882 0.952623 -0.160045
v 1.700761 0.927864 -0.104644
v 1.819242 1.220314 -0.104644
v 1.759068 1.173479 -0.160045
v 1.684690 1.115587 -0.160045
v 1.624516 1.068752 -0.104644
v 1.641619 1.383827 -0.104644
v 1.599913 1.319992 -0.160045
v 1.548362 1.241086 -0.160045
v 1.506656 1.177250 -0.104644
v 1.420527 1.480807 -0.104644
v 1.401808 1.406888 -0.160045
v 1.378671 1.315519 -0.160045
v 1.359952 1.241600 -0.104644
v 1.179926 1.500744 -0.104644
v 1.186223 1.424752 -0.160045
v 1.194006 1.330821 -0.160045
v 1.200303 1.254829 -0.104644
v 0.945887 1.441477 -0.104644
v 0.976517 1.371648 -0.160045
v 1.014378 1.285333 -0.160045
v 1.045009 1.215503 -0.104644
v 0.743773 1.309430 -0.104644
v 0.795417 1.253329 -0.160045
v 0.859253 1.183985 -0.160045
v 0.910897 1.127884 -0.104644
v 0.595486 1.118910 -0.104644
v 0.662548 1.082618 -0.160045
v 0.745441 1.037759 -0.160045
v 0.812502 1.001467 -0.104644
v 0.517095 0.890565 -0.104644
v 0.592307 0.878014 -0.160045
v 0.685275 0.862501 -0.160045
v 0.760487 0.849950 -0.104644
v 0.517095 0.649139 -0.104644
v 0.592307 0.661690 -0.160045
v 0.685275 0.677203 -0.160045
v 0.760487 0.689754 -0.104644
v 0.595486 0.420794 -0.104644
v 0.662548 0.457086 -0.160045
v 0.745441 0.501945 -0.160045
v 0.812502 0.538237 -0.104644
v 0.743773 0.230274 -0.104644
v 0.795417 0.286375 -0.160045
v 0.859253 0.355719 -0.160045
v 0.910897 0.411820 -0.104644
v 0.945887 0.098227 -0.104644
v 0.976517 0.168056 -0.160045
v 1.014378 0.254371 -0.160045
v 1.045009 0.324201 -0.104644
v 1.179925 0.038960 -0.104644
v 1.186222 0.114952 -0.160045
v 1.194006 0.208883 -0.160045
v 1.200302 0.284875 -0.104644
v 1.420527 0.058897 -0.104644
v 1.401808 0.132816 -0.160045
v 1.378671 0.224185 -0.160045
v 1.359952 0.298104 -0.104644
v 1.641619 0.155877 -0.104644
v 1.599913 0.219712 -0.160045
v 1.548362 0.298618 -0.160045
v 1.506656 0.362454 -0.104644
v 1.819242 0.319390 -0.104644
v 1.759069 0.366226 -0.160045
v 1.684690 0.424117 -0.160045
v 1.624516 0.470952 -0.104644
v 1.934149 0.531718 -0.104644
v 1.862028 0.556477 -0.160045
v 1.772882 0.587081 -0.160045
v 1.700761 0.611840 -0.104644
vn -0.0000 -0.0000 1.0000
vn 0.9494 0.1584 0.2711
vn 0.5850 0.0976 0.8052
vn -0.5850 -0.0976 0.8052
vn -0.9494 -0.1584 0.2711
vn 0.8465 0.4581 0.2711
vn 0.5216 0.2823 0.8052
vn -0.5216 -0.2823 0.8052
vn -0.8465 -0.4581 0.2711
vn 0.6519 0.7082 0.2711
vn 0.4017 0.4363 0.8052
vn -0.4017 -0.4363 0.8052
vn -0.6519 -0.7082 0.2711
vn 0.3867 0.8815 0.2711
vn 0.2382 0.5431 0.8052
vn -0.2382 -0.5431 0.8052
vn -0.3867 -0.8815 0.2711
vn 0.0795 0.9593 0.2711
vn 0.0490 0.5910 0.8052
vn -0.0490 -0.5910 0.8052
vn -0.0795 -0.9593 0.2711
vn -0.2363 0.9331 0.2711
vn -0.1456 0.5749 0.8052
vn 0.1456 -0.5749 0.8052
vn 0.2363 -0.9331 0.2711
vn -0.5265 0.8058 0.2711
vn -0.3244 0.4965 0.8052
vn 0.3244 -0.4965 0.8052
vn 0.5265 -0.8058 0.2711
vn -0.7596 0.5912 0.2711
vn -0.4680 0.3643 0.8052
vn 0.4680 -0.3643 0.8052
vn 0.7596 -0.5912 0.2711
vn -0.9104 0.3125 0.2711
vn -0.5609 0.1926 0.8052
vn 0.5609 -0.1926 0.8052
vn 0.9104 -0.3125 0.2711
vn -0.9626 -0.0000 0.2711
vn -0.5931 -0.0000 0.8052
vn 0.5931 -0.0000 0.8052
vn 0.9626 -0.0000 0.2711
vn -0.9104 -0.3125 0.2711
vn -0.5609 -0.1926 0.8052
vn 0.5609 0.1926 0.8052
vn 0.9104 0.3125 0.2711
vn -0.7596 -0.5912 0.2711
vn -0.4680 -0.3643 0.8052
vn 0.4680 0.3643 0.8052
vn 0.7596 0.5912 0.2711
vn -0.5265 -0.8058 0.2711
vn -0.3244 -0.4965 0.8052
vn 0.3244 0.4965 0.8052
vn 0.5265 0.8058 0.2711
vn -0.2363 -0.9331 0.2711
vn -0.1456 -0.5749 0.8052
vn 0.1456 0.5749 0.8052
vn 0.2363 0.9331 0.2711
vn 0.0795 -0.9593 0.2711
vn 0.0490 -0.5910 0.8052
vn -0.0490 0.5910 0.8052
vn -0.0795 0.9593 0.2711
vn 0.3867 -0.8815 0.2711
vn 0.2382 -0.5431 0.8052
vn -0.2382 0.5431 0.8052
vn -0.3867 0.8815 0.2711
vn 0.6519 -0.7082 0.2711
vn 0.4017 -0.4363 0.8052
vn -0.4017 0.4363 0.8052
vn -0.6519 0.7082 0.2711
vn 0.8465 -0.4581 0.2711
vn 0.5216 -0.2823 0.8052
vn -0.5216 0.2823 0.8052
vn -0.8465 0.4581 0.2711
vn 0.9494 -0.1584 0.2711
vn 0.5850 -0.0976 0.8052
vn -0.5850 0.0976 0.8052
vn -0.9494 0.1584 0.2711
vn 0.9494 0.1584 -0.2711
vn 0.5850 0.0976 -0.8052
vn -0.0000 -0.0000 -1.0000
vn -0.5850 -0.0976 -0.8052
vn -0.9494 -0.1584 -0.2711
vn 0.8465 0.4581 -0.2711
vn 0.5216 0.2823 -0.8052
vn -0.5216 -0.2823 -0.8052
vn -0.8465 -0.4581 -0.2711
vn 0.6519 0.7082 -0.2711
vn 0.4017 0.4363 -0.8052
vn -0.4017 -0.4363 -0.8052
vn -0.6519 -0.7082 -0.2711
vn 0.3867 0.8815 -0.2711
vn 0.2382 0.5431 -0.8052
vn -0.2382 -0.5431 -0.8052
vn -0.3867 -0.8815 -0.2711
vn 0.0795 0.9593 -0.2711
vn 0.0490 0.5910 -0.8052
vn -0.0490 -0.5910 -0.8052
vn -0.0795 -0.9593 -0.2711
vn -0.2363 0.9331 -0.2711
vn -0.1456 0.5749 -0.8052
vn 0.1456 -0.5749 -0.8052
vn 0.2363 -0.9331 -0.2711
vn -0.5265 0.8058 -0.2711
vn -0.3244 0.4965 -0.8052
vn 0.3244 -0.4965 -0.8052
vn 0.5265 -0.8058 -0.2711
vn -0.7596 0.5912 -0.2711
vn -0.4680 0.3643 -0.8052
vn 0.4680 -0.3643 -0.8052
vn 0.7596 -0.5912 -0.2711
vn -0.9104 0.3125 -0.2711
vn -0.5609 0.1926 -0.8052
vn 0.5609 -0.1926 -0.8052
vn 0.9104 -0.3125 -0.2711
vn -0.9626 -0.0000 -0.2711
vn -0.5931 -0.0000 -0.8052
vn 0.5931 -0.0000 -0.8052
vn 0.9626 -0.0000 -0.2711
vn -0.9104 -0.3125 -0.2711
vn -0.5609 -0.1926 -0.8052
vn 0.5609 0.1926 -0.8052
vn 0.9104 0.3125 -0.2711
vn -0.7596 -0.5912 -0.2711
vn -0.4680 -0.3643 -0.8052
vn 0.4680 0.3643 -0.8052
vn 0.7596 0.5912 -0.2711
vn -0.5265 -0.8058 -0.2711
vn -0.3244 -0.4965 -0.8052
vn 0.3244 0.4965 -0.8052
vn 0.5265 0.8058 -0.2711
vn -0.2363 -0.9331 -0.2711
vn -0.1456 -0.5749 -0.8052
vn 0.1456 0.5749 -0.8052
vn 0.2363 0.9331 -0.2711
vn 0.0795 -0.9593 -0.2711
vn 0.0490 -0.5910 -0.8052
vn -0.0490 0.5910 -0.8052
vn -0.0795 0.9593 -0.2711
vn 0.3867 -0.8815 -0.2711
vn 0.2382 -0.5431 -0.8052
vn -0.2382 0.5431 -0.8052
vn -0.3867 0.8815 -0.2711
vn 0.6519 -0.7082 -0.2711
vn 0.4017 -0.4363 -0.8052
vn -0.4017 0.4363 -0.8052
vn -0.6519 0.7082 -0.2711
vn 0.8465 -0.4581 -0.2711
vn 0.5216 -0.2823 -0.8052
vn -0.5216 0.2823 -0.8052
vn -0.8465 0.4581 -0.2711
vn 0.9494 -0.1584 -0.2711
vn 0.5850 -0.0976 -0.8052
vn -0.5850 0.0976 -0.8052
vn -0.9494 0.1584 -0.2711
vt 0.041995 0.875365
vt 0.013776 0.875365
vt 0.013776 0.867632
vt 0.041995 0.867632
vt 0.013776 0.859460
vt 0.041995 0.859460
vt 0.013776 0.851164
vt 0.041995 0.851164
vt 0.013776 0.843062
vt 0.041995 0.843062
vt 0.013776 0.835466
vt 0.041995 0.835466
vt 0.013776 0.828668
vt 0.041995 0.828668
vt 0.809909 0.346722
vt 0.781689 0.346722
vt 0.781689 0.340869
vt 0.809909 0.340869
vt 0.781689 0.333981
vt 0.809909 0.333981
vt 0.781689 0.326322
vt 0.809909 0.326322
vt 0.781689 0.318187
vt 0.809909 0.318187
vt 0.781689 0.309889
vt 0.809909 0.309889
vt 0.781689 0.301747
vt 0.809909 0.301747
vt 0.781689 0.294073
vt 0.809909 0.294073
vt 0.781689 0.287162
vt 0.809909 0.287162
vt 0.809909 0.227904
vt 0.781689 0.227904
vt 0.781689 0.221911
vt 0.809909 0.221911
vt 0.781689 0.214913
vt 0.809909 0.214913
vt 0.781689 0.207180
vt 0.809909 0.207180
vt 0.781689 0.199008
vt 0.809909 0.199008
vt 0.781689 0.190712
vt 0.809909 0.190712
vt 0.781689 0.182610
vt 0.809909 0.182610
vt 0.781689 0.175014
vt 0.809909 0.175014
vt 0.781689 0.168216
vt 0.809909 0.168216
vt 0.809909 0.108426
vt 0.781689 0.108426
vt 0.781689 0.102573
vt 0.809909 0.102573
vt 0.781689 0.095685
vt 0.809909 0.095685
vt 0.781689 0.088026
vt 0.809909 0.088026
vt 0.781689 0.079892
vt 0.809909 0.079892
vt 0.781689 0.071594
vt 0.809909 0.071594
vt 0.781689 0.063451
vt 0.809909 0.063451
vt 0.781689 0.055777
vt 0.809909 0.055777
vt 0.781689 0.048866
vt 0.809909 0.048866
vt 0.208618 0.851965
vt 0.205443 0.859632
vt 0.200833 0.866532
vt 0.194965 0.872399
vt 0.188066 0.877009
vt 0.180399 0.880185
vt 0.172261 0.881804
vt 0.163963 0.881804
vt 0.155824 0.880185
vt 0.148158 0.877009
vt 0.141258 0.872399
vt 0.135391 0.866531
vt 0.130781 0.859632
vt 0.127605 0.851966
vt 0.125986 0.843827
vt 0.125986 0.835529
vt 0.127605 0.827390
vt 0.130781 0.819724
vt 0.135391 0.812824
vt 0.141258 0.806957
vt 0.148158 0.802347
vt 0.155824 0.799171
vt 0.163963 0.797552
vt 0.172261 0.797552
vt 0.180399 0.799171
vt 0.188065 0.802347
vt 0.194965 0.806957
vt 0.200833 0.812824
vt 0.205443 0.819724
vt 0.208618 0.827390
vt 0.210237 0.835529
vt 0.210237 0.843827
vt 0.041995 0.888355
vt 0.013776 0.888355
vt 0.013776 0.882362
vt 0.041995 0.882362
vt 0.070215 0.882362
vt 0.070215 0.875365
vt 0.838128 0.055777
vt 0.838128 0.048866
vt 0.845271 0.861664
vt 0.836973 0.861664
vt 0.836973 0.807742
vt 0.845271 0.807742
vt 0.838128 0.071594
vt 0.838128 0.063451
vt 0.609499 0.861982
vt 0.637719 0.861982
vt 0.637719 0.909904
vt 0.609499 0.909904
vt 0.838128 0.088026
vt 0.838128 0.079892
vt 0.516904 0.797552
vt 0.545124 0.797552
vt 0.545124 0.852917
vt 0.516904 0.852917
vt 0.838128 0.102573
vt 0.838128 0.095685
vt 0.838128 0.175014
vt 0.838128 0.168216
vt 0.838128 0.190712
vt 0.838128 0.182610
vt 0.928367 0.559485
vt 0.936665 0.559485
vt 0.936665 0.603473
vt 0.928367 0.603473
vt 0.838128 0.207180
vt 0.838128 0.199008
vt 0.804806 0.974682
vt 0.776586 0.974682
vt 0.776586 0.935154
vt 0.804806 0.935154
vt 0.838128 0.221911
vt 0.838128 0.214913
vt 0.908672 0.706326
vt 0.916970 0.706326
vt 0.916970 0.751277
vt 0.908672 0.751277
vt 0.838128 0.294073
vt 0.838128 0.287162
vt 0.349591 0.797552
vt 0.377811 0.797552
vt 0.377811 0.854780
vt 0.349591 0.854780
vt 0.838128 0.309889
vt 0.838128 0.301747
vt 0.838128 0.326322
vt 0.838128 0.318187
vt 0.838128 0.340869
vt 0.838128 0.333981
vt 0.936892 0.908486
vt 0.928594 0.908486
vt 0.928594 0.865403
vt 0.936892 0.865403
vt 0.070215 0.835466
vt 0.070215 0.828668
vt 0.944522 0.710439
vt 0.972741 0.710439
vt 0.972741 0.751277
vt 0.944522 0.751277
vt 0.070215 0.851164
vt 0.070215 0.843062
vt 0.900815 0.602489
vt 0.872822 0.606055
vt 0.872822 0.563052
vt 0.900815 0.559486
vt 0.070215 0.867631
vt 0.070215 0.859460
vt 0.721041 0.964323
vt 0.721041 0.936103
vt 0.729339 0.936103
vt 0.729339 0.964323
vt 0.693490 0.909904
vt 0.665270 0.909904
vt 0.665270 0.861982
vt 0.693490 0.861982
vt 0.902197 0.214175
vt 0.893899 0.214175
vt 0.893899 0.166242
vt 0.902197 0.166242
vt 0.965597 0.183052
vt 0.965597 0.154832
vt 0.973271 0.154832
vt 0.973271 0.183052
vt 0.872822 0.482575
vt 0.901042 0.482575
vt 0.901042 0.531934
vt 0.872822 0.531934
vt 0.901041 0.455023
vt 0.872822 0.455023
vt 0.872822 0.405664
vt 0.901041 0.405664
vt 0.421290 0.982260
vt 0.421290 0.954040
vt 0.427283 0.954040
vt 0.427283 0.982260
vt 0.881121 0.760871
vt 0.872823 0.760871
vt 0.872823 0.711123
vt 0.881121 0.711123
vt 0.609499 0.937456
vt 0.637718 0.937456
vt 0.637718 0.972546
vt 0.609499 0.972546
vt 0.809909 0.013776
vt 0.838128 0.013776
vt 0.964443 0.893623
vt 0.964443 0.865403
vt 0.972177 0.865403
vt 0.972177 0.893623
vt 0.872823 0.865403
vt 0.901042 0.865403
vt 0.901042 0.911023
vt 0.872823 0.911023
vt 0.804806 0.907602
vt 0.776586 0.907602
vt 0.776586 0.861982
vt 0.804806 0.861982
vt 0.881121 0.837851
vt 0.872823 0.837851
vt 0.872823 0.788422
vt 0.881121 0.788422
vt 0.964442 0.433884
vt 0.964442 0.405664
vt 0.972739 0.405664
vt 0.972739 0.433884
vt 0.749035 0.908552
vt 0.721041 0.904986
vt 0.721041 0.861982
vt 0.749035 0.865548
vt 0.938045 0.267940
vt 0.929749 0.268116
vt 0.929749 0.225427
vt 0.938045 0.225250
vt 0.572675 0.979434
vt 0.572675 0.951214
vt 0.580271 0.951214
vt 0.580271 0.979434
vt 0.972741 0.834051
vt 0.944522 0.834051
vt 0.944522 0.793214
vt 0.972741 0.793214
vt 0.429588 0.926489
vt 0.421290 0.926489
vt 0.421290 0.882331
vt 0.429588 0.882331
vt 0.383135 0.982560
vt 0.383135 0.954341
vt 0.388988 0.954341
vt 0.388988 0.982560
vt 0.461133 0.952007
vt 0.489353 0.952007
vt 0.489353 0.983123
vt 0.461133 0.983123
vt 0.041995 0.797552
vt 0.070215 0.797552
vt 0.965597 0.238823
vt 0.965597 0.210603
vt 0.973255 0.210603
vt 0.973255 0.238823
vt 0.393738 0.926789
vt 0.385440 0.926789
vt 0.385440 0.882331
vt 0.393738 0.882331
vt 0.013776 0.915907
vt 0.041995 0.915907
vt 0.041995 0.957339
vt 0.013776 0.957339
vt 0.097767 0.957339
vt 0.069547 0.957339
vt 0.069547 0.915907
vt 0.097767 0.915907
vt 0.964216 0.587705
vt 0.964216 0.559485
vt 0.972514 0.559485
vt 0.972514 0.587705
vt 0.125986 0.909355
vt 0.154206 0.909355
vt 0.154206 0.952322
vt 0.125986 0.952322
vt 0.209977 0.952322
vt 0.181757 0.952322
vt 0.181757 0.909355
vt 0.209977 0.909355
vt 0.929749 0.013776
vt 0.938047 0.013776
vt 0.938047 0.056752
vt 0.929749 0.056752
vt 0.965598 0.097767
vt 0.965598 0.069547
vt 0.973273 0.069547
vt 0.973273 0.097767
vt 0.433582 0.854780
vt 0.405362 0.854780
vt 0.405362 0.797552
vt 0.433582 0.797552
vt 0.836972 0.495732
vt 0.845270 0.495732
vt 0.845270 0.558249
vt 0.836972 0.558249
vt 0.349591 0.982560
vt 0.349591 0.954341
vt 0.355584 0.954341
vt 0.355584 0.982560
vt 0.872823 0.938574
vt 0.901042 0.938574
vt 0.901042 0.970281
vt 0.872823 0.970281
vt 0.809909 0.255455
vt 0.838128 0.255455
vt 0.965598 0.041995
vt 0.965598 0.013776
vt 0.973332 0.013776
vt 0.973332 0.041995
vt 0.929749 0.295668
vt 0.938047 0.295668
vt 0.938047 0.338497
vt 0.929749 0.338497
vt 0.928594 0.936037
vt 0.956813 0.936037
vt 0.956813 0.975566
vt 0.928594 0.975566
vt 0.964442 0.489655
vt 0.964442 0.461435
vt 0.972739 0.461435
vt 0.972739 0.489655
vt 0.516904 0.880468
vt 0.545124 0.880468
vt 0.545124 0.924456
vt 0.516904 0.924456
vt 0.489353 0.924456
vt 0.461133 0.924456
vt 0.461133 0.880468
vt 0.489353 0.880468
vt 0.516904 0.980227
vt 0.516904 0.952007
vt 0.524500 0.952007
vt 0.524500 0.980227
vt 0.237789 0.909355
vt 0.266008 0.909355
vt 0.266008 0.951446
vt 0.237789 0.951446
vt 0.893899 0.314790
vt 0.902197 0.314790
vt 0.902197 0.360303
vt 0.893899 0.360303
vt 0.321779 0.951446
vt 0.293560 0.951446
vt 0.293560 0.909355
vt 0.321779 0.909355
vt 0.965598 0.323888
vt 0.965598 0.295668
vt 0.973257 0.295668
vt 0.973257 0.323888
vt 0.489353 0.852917
vt 0.461133 0.852917
vt 0.461133 0.797552
vt 0.489353 0.797552
vt 0.836973 0.720783
vt 0.845271 0.720783
vt 0.845271 0.780191
vt 0.836973 0.780191
vt 0.980371 0.662043
vt 0.980371 0.633823
vt 0.986224 0.633823
vt 0.986224 0.662043
vt 0.665270 0.937456
vt 0.693490 0.937456
vt 0.693490 0.969694
vt 0.665270 0.969694
vt 0.809909 0.135978
vt 0.838128 0.135977
vt 0.908672 0.793214
vt 0.916970 0.793214
vt 0.916970 0.837851
vt 0.908672 0.837851
vt 0.044178 0.195944
vt 0.013776 0.195944
vt 0.017050 0.083358
vt 0.046291 0.083358
vt 0.025620 0.013776
vt 0.051821 0.013776
vt 0.718458 0.405664
vt 0.750576 0.413797
vt 0.744777 0.427017
vt 0.717266 0.420050
vt 0.118189 0.405664
vt 0.140632 0.405664
vt 0.132061 0.475246
vt 0.112658 0.475246
vt 0.128787 0.587832
vt 0.110546 0.587832
vt 0.384752 0.195944
vt 0.353141 0.195944
vt 0.351241 0.083358
vt 0.381644 0.083358
vt 0.346265 0.013776
vt 0.373507 0.013776
vt 0.778313 0.431919
vt 0.768536 0.442540
vt 0.168183 0.405664
vt 0.191518 0.405664
vt 0.196494 0.475246
vt 0.176320 0.475246
vt 0.198395 0.587832
vt 0.179429 0.587832
vt 0.316139 0.195944
vt 0.315651 0.083358
vt 0.314376 0.013776
vt 0.798663 0.458065
vt 0.785967 0.464936
vt 0.218833 0.405664
vt 0.220109 0.475246
vt 0.220596 0.587832
vt 0.277753 0.195944
vt 0.278732 0.083358
vt 0.281295 0.013776
vt 0.809421 0.489402
vt 0.795182 0.491778
vt 0.247169 0.405664
vt 0.244606 0.475246
vt 0.243628 0.587832
vt 0.242146 0.195944
vt 0.244485 0.083358
vt 0.250608 0.013776
vt 0.809421 0.522534
vt 0.795182 0.520158
vt 0.273455 0.405664
vt 0.267331 0.475246
vt 0.264992 0.587832
vt 0.213173 0.195944
vt 0.216619 0.083358
vt 0.225640 0.013776
vt 0.798663 0.553871
vt 0.785967 0.547001
vt 0.294842 0.405664
vt 0.285821 0.475246
vt 0.282376 0.587832
vt 0.754138 0.195944
vt 0.720375 0.195944
vt 0.718916 0.083358
vt 0.751388 0.083358
vt 0.715094 0.013776
vt 0.744190 0.013776
vt 0.778313 0.580017
vt 0.768536 0.569396
vt 0.476043 0.405664
vt 0.500966 0.405664
vt 0.504788 0.475246
vt 0.483241 0.475246
vt 0.506247 0.587832
vt 0.485990 0.587832
vt 0.682472 0.195944
vt 0.682460 0.083358
vt 0.682428 0.013776
vt 0.750576 0.598139
vt 0.744777 0.584919
vt 0.528946 0.405664
vt 0.528978 0.475246
vt 0.528990 0.587832
vt 0.644534 0.195944
vt 0.645971 0.083358
vt 0.649733 0.013776
vt 0.718458 0.606272
vt 0.717266 0.591886
vt 0.556952 0.405664
vt 0.553189 0.475246
vt 0.551752 0.587832
vt 0.610673 0.195944
vt 0.613404 0.083358
vt 0.620552 0.013776
vt 0.685439 0.603536
vt 0.688983 0.589542
vt 0.581947 0.405664
vt 0.574799 0.475246
vt 0.572069 0.587832
vt 0.583122 0.195944
vt 0.555544 0.195944
vt 0.553005 0.083358
vt 0.579529 0.083358
vt 0.546358 0.013776
vt 0.570124 0.013776
vt 0.655097 0.590227
vt 0.662993 0.578142
vt 0.322394 0.405664
vt 0.342751 0.405664
vt 0.349398 0.475246
vt 0.331798 0.475246
vt 0.351938 0.587832
vt 0.335391 0.587832
vt 0.520763 0.195944
vt 0.519553 0.083358
vt 0.516383 0.013776
vt 0.630721 0.567787
vt 0.642113 0.558920
vt 0.368426 0.405664
vt 0.371596 0.475246
vt 0.372806 0.587832
vt 0.482548 0.195944
vt 0.482797 0.083358
vt 0.483450 0.013776
vt 0.614952 0.538648
vt 0.628606 0.533961
vt 0.396637 0.405664
vt 0.395984 0.475246
vt 0.395735 0.587832
vt 0.445040 0.195944
vt 0.446722 0.083358
vt 0.451125 0.013776
vt 0.609499 0.505967
vt 0.623935 0.505967
vt 0.424325 0.405664
vt 0.419922 0.475246
vt 0.418240 0.587832
vt 0.412303 0.195944
vt 0.415236 0.083358
vt 0.422913 0.013776
vt 0.614952 0.473287
vt 0.628606 0.477974
vt 0.448491 0.405664
vt 0.440814 0.475246
vt 0.437882 0.587832
vt 0.185622 0.195944
vt 0.155347 0.195944
vt 0.153213 0.083358
vt 0.182332 0.083358
vt 0.147627 0.013776
vt 0.173718 0.013776
vt 0.630721 0.444148
vt 0.642113 0.453015
vt 0.013776 0.405664
vt 0.036125 0.405664
vt 0.041711 0.475246
vt 0.022389 0.475246
vt 0.043844 0.587832
vt 0.025680 0.587832
vt 0.119019 0.195944
vt 0.118273 0.083358
vt 0.116319 0.013776
vt 0.655097 0.421709
vt 0.662993 0.433794
vt 0.062942 0.405664
vt 0.064895 0.475246
vt 0.065641 0.587832
vt 0.080574 0.195944
vt 0.081296 0.083358
vt 0.083187 0.013776
vt 0.685439 0.408400
vt 0.688982 0.422394
vt 0.091322 0.405664
vt 0.089431 0.475246
vt 0.088708 0.587832
s 0
usemtl Material.003
f 1395/1463/688 1362/1464/688 1363/1465/688 1396/1466/688
f 1396/1466/688 1363/1465/688 1364/1467/688 1398/1468/688
f 1398/1468/688 1364/1467/688 1365/1469/688 1400/1470/688
f 1400/1470/688 1365/1469/688 1366/1471/688 1402/1472/688
f 1402/1472/688 1366/1471/688 1367/1473/688 1404/1474/688
f 1404/1474/688 1367/1473/688 1368/1475/688 1406/1476/688
f 1406/1477/688 1368/1478/688 1369/1479/688 1408/1480/688
f 1408/1480/688 1369/1479/688 1370/1481/688 1410/1482/688
f 1410/1482/688 1370/1481/688 1371/1483/688 1412/1484/688
f 1412/1484/688 1371/1483/688 1372/1485/688 1414/1486/688
f 1414/1486/688 1372/1485/688 1373/1487/688 1416/1488/688
f 1416/1488/688 1373/1487/688 1374/1489/688 1418/1490/688
f 1418/1490/688 1374/1489/688 1375/1491/688 1420/1492/688
f 1420/1492/688 1375/1491/688 1376/1493/688 1422/1494/688
f 1422/1495/688 1376/1496/688 1377/1497/688 1424/1498/688
f 1424/1498/688 1377/1497/688 1378/1499/688 1426/1500/688
f 1426/1500/688 1378/1499/688 1379/1501/688 1428/1502/688
f 1428/1502/688 1379/1501/688 1380/1503/688 1430/1504/688
f 1430/1504/688 1380/1503/688 1381/1505/688 1432/1506/688
f 1432/1506/688 1381/1505/688 1382/1507/688 1434/1508/688
f 1434/1508/688 1382/1507/688 1383/1509/688 1436/1510/688
f 1436/1510/688 1383/1509/688 1384/1511/688 1438/1512/688
f 1438/1513/688 1384/1514/688 1385/1515/688 1440/1516/688
f 1440/1516/688 1385/1515/688 1386/1517/688 1442/1518/688
f 1442/1518/688 1386/1517/688 1387/1519/688 1444/1520/688
f 1444/1520/688 1387/1519/688 1388/1521/688 1446/1522/688
f 1446/1522/688 1388/1521/688 1389/1523/688 1448/1524/688
f 1448/1524/688 1389/1523/688 1390/1525/688 1450/1526/688
f 1450/1526/688 1390/1525/688 1391/1527/688 1452/1528/688
f 1452/1528/688 1391/1527/688 1392/1529/688 1454/1530/688
f 1363/1531/688 1362/1532/688 1393/1533/688 1392/1534/688 1391/1535/688 1390/1536/688 1389/1537/688 1388/1538/688 1387/1539/688 1386/1540/688 1385/1541/688 1384/1542/688 1383/1543/688 1382/1544/688 1381/1545/688 1380/1546/688 1379/1547/688 1378/1548/688 1377/1549/688 1376/1550/688 1375/1551/688 1374/1552/688 1373/1553/688 1372/1554/688 1371/1555/688 1370/1556/688 1369/1557/688 1368/1558/688 1367/1559/688 1366/1560/688 1365/1561/688 1364/1562/688
f 1454/1563/688 1392/1564/688 1393/1565/688 1456/1566/688
f 1456/1566/688 1393/1565/688 1362/1464/688 1395/1463/688
f 1457/1567/688 1456/1566/688 1395/1463/688 1394/1568/688
f 1453/1569/688 1452/1528/688 1454/1530/688 1455/1570/688
f 1450/1571/688 1452/1572/688 1464/1573/688 1462/1574/688
f 1449/1575/688 1448/1524/688 1450/1526/688 1451/1576/688
f 1448/1577/688 1449/1578/688 1461/1579/688 1460/1580/688
f 1445/1581/688 1444/1520/688 1446/1522/688 1447/1582/688
f 1444/1583/688 1445/1584/688 1517/1585/688 1516/1586/688
f 1441/1587/688 1440/1516/688 1442/1518/688 1443/1588/688
f 1437/1589/688 1436/1510/688 1438/1512/688 1439/1590/688
f 1433/1591/688 1432/1506/688 1434/1508/688 1435/1592/688
f 1430/1593/688 1432/1594/688 1508/1595/688 1506/1596/688
f 1429/1597/688 1428/1502/688 1430/1504/688 1431/1598/688
f 1427/1599/688 1426/1600/688 1502/1601/688 1503/1602/688
f 1425/1603/688 1424/1498/688 1426/1500/688 1427/1604/688
f 1422/1605/688 1424/1606/688 1500/1607/688 1498/1608/688
f 1421/1609/688 1420/1492/688 1422/1494/688 1423/1610/688
f 1420/1611/688 1421/1612/688 1497/1613/688 1496/1614/688
f 1417/1615/688 1416/1488/688 1418/1490/688 1419/1616/688
f 1413/1617/688 1412/1484/688 1414/1486/688 1415/1618/688
f 1409/1619/688 1408/1480/688 1410/1482/688 1411/1620/688
f 1406/1621/688 1408/1622/688 1484/1623/688 1482/1624/688
f 1405/1625/688 1404/1474/688 1406/1476/688 1407/1626/688
f 1404/1627/688 1405/1628/688 1481/1629/688 1480/1630/688
f 1401/1631/688 1400/1470/688 1402/1472/688 1403/1632/688
f 1400/1633/688 1401/1634/688 1477/1635/688 1476/1636/688
f 1397/1637/688 1396/1466/688 1398/1468/688 1399/1638/688
f 1459/1639/688 1458/1640/688 1460/1641/688 1461/1642/688
f 1447/1643/688 1446/1644/688 1458/1645/688 1459/1646/688
f 1446/1647/688 1448/1648/688 1460/1649/688 1458/1650/688
f 1463/1651/688 1462/1652/688 1464/1653/688 1465/1654/688
f 1452/1655/688 1453/1656/688 1465/1657/688 1464/1658/688
f 1451/1659/688 1450/1660/688 1462/1661/688 1463/1662/688
f 1467/1663/688 1466/1664/688 1468/1665/688 1469/1666/688
f 1454/1667/688 1456/1668/688 1468/1669/688 1466/1670/688
f 1456/1671/688 1457/1672/688 1469/1673/688 1468/1674/688
f 1455/1570/688 1454/1530/688 1466/1675/688 1467/1676/688
f 1470/1677/688 1471/1678/688 1472/1679/688 1473/1680/688
f 1396/1681/688 1397/1682/688 1473/1683/688 1472/1684/688
f 1394/1685/688 1395/1686/688 1471/1687/688 1470/1688/688
f 1395/1689/688 1396/1690/688 1472/1691/688 1471/1692/688
f 1475/1693/688 1474/1694/688 1476/1695/688 1477/1696/688
f 1399/1697/688 1398/1698/688 1474/1699/688 1475/1700/688
f 1398/1701/688 1400/1702/688 1476/1703/688 1474/1704/688
f 1479/1705/688 1478/1706/688 1480/1707/688 1481/1708/688
f 1403/1709/688 1402/1710/688 1478/1711/688 1479/1712/688
f 1402/1713/688 1404/1714/688 1480/1715/688 1478/1716/688
f 1483/1717/688 1482/1718/688 1484/1719/688 1485/1720/688
f 1408/1721/688 1409/1722/688 1485/1723/688 1484/1724/688
f 1407/1626/688 1406/1476/688 1482/1725/688 1483/1726/688
f 1487/1727/688 1486/1728/688 1488/1729/688 1489/1730/688
f 1410/1731/688 1412/1732/688 1488/1733/688 1486/1734/688
f 1412/1735/688 1413/1736/688 1489/1737/688 1488/1738/688
f 1411/1739/688 1410/1740/688 1486/1741/688 1487/1742/688
f 1491/1743/688 1490/1744/688 1492/1745/688 1493/1746/688
f 1416/1747/688 1417/1748/688 1493/1749/688 1492/1750/688
f 1415/1751/688 1414/1752/688 1490/1753/688 1491/1754/688
f 1414/1755/688 1416/1756/688 1492/1757/688 1490/1758/688
f 1495/1759/688 1494/1760/688 1496/1761/688 1497/1762/688
f 1419/1763/688 1418/1764/688 1494/1765/688 1495/1766/688
f 1418/1767/688 1420/1768/688 1496/1769/688 1494/1770/688
f 1499/1771/688 1498/1772/688 1500/1773/688 1501/1774/688
f 1424/1775/688 1425/1776/688 1501/1777/688 1500/1778/688
f 1423/1610/688 1422/1494/688 1498/1779/688 1499/1780/688
f 1503/1781/688 1502/1782/688 1504/1783/688 1505/1784/688
f 1426/1785/688 1428/1786/688 1504/1787/688 1502/1788/688
f 1428/1789/688 1429/1790/688 1505/1791/688 1504/1792/688
f 1507/1793/688 1506/1794/688 1508/1795/688 1509/1796/688
f 1432/1797/688 1433/1798/688 1509/1799/688 1508/1800/688
f 1431/1801/688 1430/1802/688 1506/1803/688 1507/1804/688
f 1511/1805/688 1510/1806/688 1512/1807/688 1513/1808/688
f 1436/1809/688 1437/1810/688 1513/1811/688 1512/1812/688
f 1434/1813/688 1436/1814/688 1512/1815/688 1510/1816/688
f 1435/1817/688 1434/1818/688 1510/1819/688 1511/1820/688
f 1515/1821/688 1514/1822/688 1516/1823/688 1517/1824/688
f 1443/1825/688 1442/1826/688 1514/1827/688 1515/1828/688
f 1442/1829/688 1444/1830/688 1516/1831/688 1514/1832/688
f 1519/1833/688 1518/1834/688 1520/1835/688 1521/1836/688
f 1440/1837/688 1441/1838/688 1521/1839/688 1520/1840/688
f 1439/1590/688 1438/1512/688 1518/1841/688 1519/1842/688
f 1438/1843/688 1440/1844/688 1520/1845/688 1518/1846/688
f 1522/1847/689 1528/1848/689 1529/1849/689 1523/1850/689
f 1523/1850/690 1529/1849/690 1530/1851/690 1524/1852/690
f 1524/1853/688 1530/1854/688 1531/1855/688 1525/1856/688
f 1525/1857/691 1531/1858/691 1532/1859/691 1526/1860/691
f 1526/1860/692 1532/1859/692 1533/1861/692 1527/1862/692
f 1528/1863/693 1534/1864/693 1535/1865/693 1529/1866/693
f 1529/1866/694 1535/1865/694 1536/1867/694 1530/1868/694
f 1530/1854/688 1536/1869/688 1537/1870/688 1531/1855/688
f 1531/1871/695 1537/1872/695 1538/1873/695 1532/1874/695
f 1532/1874/696 1538/1873/696 1539/1875/696 1533/1876/696
f 1534/1864/697 1540/1877/697 1541/1878/697 1535/1865/697
f 1535/1865/698 1541/1878/698 1542/1879/698 1536/1867/698
f 1536/1869/688 1542/1880/688 1543/1881/688 1537/1870/688
f 1537/1872/699 1543/1882/699 1544/1883/699 1538/1873/699
f 1538/1873/700 1544/1883/700 1545/1884/700 1539/1875/700
f 1540/1877/701 1546/1885/701 1547/1886/701 1541/1878/701
f 1541/1878/702 1547/1886/702 1548/1887/702 1542/1879/702
f 1542/1880/688 1548/1888/688 1549/1889/688 1543/1881/688
f 1543/1882/703 1549/1890/703 1550/1891/703 1544/1883/703
f 1544/1883/704 1550/1891/704 1551/1892/704 1545/1884/704
f 1546/1885/705 1552/1893/705 1553/1894/705 1547/1886/705
f 1547/1886/706 1553/1894/706 1554/1895/706 1548/1887/706
f 1548/1888/688 1554/1896/688 1555/1897/688 1549/1889/688
f 1549/1890/707 1555/1898/707 1556/1899/707 1550/1891/707
f 1550/1891/708 1556/1899/708 1557/1900/708 1551/1892/708
f 1552/1893/709 1558/1901/709 1559/1902/709 1553/1894/709
f 1553/1894/710 1559/1902/710 1560/1903/710 1554/1895/710
f 1554/1896/688 1560/1904/688 1561/1905/688 1555/1897/688
f 1555/1898/711 1561/1906/711 1562/1907/711 1556/1899/711
f 1556/1899/712 1562/1907/712 1563/1908/712 1557/1900/712
f 1558/1909/713 1564/1910/713 1565/1911/713 1559/1912/713
f 1559/1912/714 1565/1911/714 1566/1913/714 1560/1914/714
f 1560/1904/688 1566/1915/688 1567/1916/688 1561/1905/688
f 1561/1917/715 1567/1918/715 1568/1919/715 1562/1920/715
f 1562/1920/716 1568/1919/716 1569/1921/716 1563/1922/716
f 1564/1910/717 1570/1923/717 1571/1924/717 1565/1911/717
f 1565/1911/718 1571/1924/718 1572/1925/718 1566/1913/718
f 1566/1915/688 1572/1926/688 1573/1927/688 1567/1916/688
f 1567/1918/719 1573/1928/719 1574/1929/719 1568/1919/719
f 1568/1919/720 1574/1929/720 1575/1930/720 1569/1921/720
f 1570/1923/721 1576/1931/721 1577/1932/721 1571/1924/721
f 1571/1924/722 1577/1932/722 1578/1933/722 1572/1925/722
f 1572/1926/688 1578/1934/688 1579/1935/688 1573/1927/688
f 1573/1928/723 1579/1936/723 1580/1937/723 1574/1929/723
f 1574/1929/724 1580/1937/724 1581/1938/724 1575/1930/724
f 1576/1931/725 1582/1939/725 1583/1940/725 1577/1932/725
f 1577/1932/726 1583/1940/726 1584/1941/726 1578/1933/726
f 1578/1934/688 1584/1942/688 1585/1943/688 1579/1935/688
f 1579/1936/727 1585/1944/727 1586/1945/727 1580/1937/727
f 1580/1937/728 1586/1945/728 1587/1946/728 1581/1938/728
f 1582/1947/729 1588/1948/729 1589/1949/729 1583/1950/729
f 1583/1950/730 1589/1949/730 1590/1951/730 1584/1952/730
f 1584/1942/688 1590/1953/688 1591/1954/688 1585/1943/688
f 1585/1955/731 1591/1956/731 1592/1957/731 1586/1958/731
f 1586/1958/732 1592/1957/732 1593/1959/732 1587/1960/732
f 1588/1948/733 1594/1961/733 1595/1962/733 1589/1949/733
f 1589/1949/734 1595/1962/734 1596/1963/734 1590/1951/734
f 1590/1953/688 1596/1964/688 1597/1965/688 1591/1954/688
f 1591/1956/735 1597/1966/735 1598/1967/735 1592/1957/735
f 1592/1957/736 1598/1967/736 1599/1968/736 1593/1959/736
f 1594/1961/737 1600/1969/737 1601/1970/737 1595/1962/737
f 1595/1962/738 1601/1970/738 1602/1971/738 1596/1963/738
f 1596/1964/688 1602/1972/688 1603/1973/688 1597/1965/688
f 1597/1966/739 1603/1974/739 1604/1975/739 1598/1967/739
f 1598/1967/740 1604/1975/740 1605/1976/740 1599/1968/740
f 1600/1969/741 1606/1977/741 1607/1978/741 1601/1970/741
f 1601/1970/742 1607/1978/742 1608/1979/742 1602/1971/742
f 1602/1972/688 1608/1980/688 1609/1981/688 1603/1973/688
f 1603/1974/743 1609/1982/743 1610/1983/743 1604/1975/743
f 1604/1975/744 1610/1983/744 1611/1984/744 1605/1976/744
f 1606/1977/745 1612/1985/745 1613/1986/745 1607/1978/745
f 1607/1978/746 1613/1986/746 1614/1987/746 1608/1979/746
f 1608/1980/688 1614/1988/688 1615/1989/688 1609/1981/688
f 1609/1982/747 1615/1990/747 1616/1991/747 1610/1983/747
f 1610/1983/748 1616/1991/748 1617/1992/748 1611/1984/748
f 1612/1993/749 1618/1994/749 1619/1995/749 1613/1996/749
f 1613/1996/750 1619/1995/750 1620/1997/750 1614/1998/750
f 1614/1988/688 1620/1999/688 1621/2000/688 1615/1989/688
f 1615/2001/751 1621/2002/751 1622/2003/751 1616/2004/751
f 1616/2004/752 1622/2003/752 1623/2005/752 1617/2006/752
f 1618/1994/753 1624/2007/753 1625/2008/753 1619/1995/753
f 1619/1995/754 1625/2008/754 1626/2009/754 1620/1997/754
f 1620/1999/688 1626/2010/688 1627/2011/688 1621/2000/688
f 1621/2002/755 1627/2012/755 1628/2013/755 1622/2003/755
f 1622/2003/756 1628/2013/756 1629/2014/756 1623/2005/756
f 1624/2007/757 1630/2015/757 1631/2016/757 1625/2008/757
f 1625/2008/758 1631/2016/758 1632/2017/758 1626/2009/758
f 1626/2010/688 1632/2018/688 1633/2019/688 1627/2011/688
f 1627/2012/759 1633/2020/759 1634/2021/759 1628/2013/759
f 1628/2013/760 1634/2021/760 1635/2022/760 1629/2014/760
f 1630/2015/761 1522/1847/761 1523/1850/761 1631/2016/761
f 1631/2016/762 1523/1850/762 1524/1852/762 1632/2017/762
f 1632/2018/688 1524/1853/688 1525/1856/688 1633/2019/688
f 1633/2020/763 1525/1857/763 1526/1860/763 1634/2021/763
f 1634/2021/764 1526/1860/764 1527/1862/764 1635/2022/764
f 1522/1847/765 1636/1850/765 1640/1849/765 1528/1848/765
f 1636/1850/766 1637/1852/766 1641/1851/766 1640/1849/766
f 1637/1853/767 1638/1856/767 1642/1855/767 1641/1854/767
f 1638/1857/768 1639/1860/768 1643/1859/768 1642/1858/768
f 1639/1860/769 1527/1862/769 1533/1861/769 1643/1859/769
f 1528/1863/770 1640/1866/770 1644/1865/770 1534/1864/770
f 1640/1866/771 1641/1868/771 1645/1867/771 1644/1865/771
f 1641/1854/767 1642/1855/767 1646/1870/767 1645/1869/767
f 1642/1871/772 1643/1874/772 1647/1873/772 1646/1872/772
f 1643/1874/773 1533/1876/773 1539/1875/773 1647/1873/773
f 1534/1864/774 1644/1865/774 1648/1878/774 1540/1877/774
f 1644/1865/775 1645/1867/775 1649/1879/775 1648/1878/775
f 1645/1869/767 1646/1870/767 1650/1881/767 1649/1880/767
f 1646/1872/776 1647/1873/776 1651/1883/776 1650/1882/776
f 1647/1873/777 1539/1875/777 1545/1884/777 1651/1883/777
f 1540/1877/778 1648/1878/778 1652/1886/778 1546/1885/778
f 1648/1878/779 1649/1879/779 1653/1887/779 1652/1886/779
f 1649/1880/767 1650/1881/767 1654/1889/767 1653/1888/767
f 1650/1882/780 1651/1883/780 1655/1891/780 1654/1890/780
f 1651/1883/781 1545/1884/781 1551/1892/781 1655/1891/781
f 1546/1885/782 1652/1886/782 1656/1894/782 1552/1893/782
f 1652/1886/783 1653/1887/783 1657/1895/783 1656/1894/783
f 1653/1888/767 1654/1889/767 1658/1897/767 1657/1896/767
f 1654/1890/784 1655/1891/784 1659/1899/784 1658/1898/784
f 1655/1891/785 1551/1892/785 1557/1900/785 1659/1899/785
f 1552/1893/786 1656/1894/786 1660/1902/786 1558/1901/786
f 1656/1894/787 1657/1895/787 1661/1903/787 1660/1902/787
f 1657/1896/767 1658/1897/767 1662/1905/767 1661/1904/767
f 1658/1898/788 1659/1899/788 1663/1907/788 1662/1906/788
f 1659/1899/789 1557/1900/789 1563/1908/789 1663/1907/789
f 1558/1909/790 1660/1912/790 1664/1911/790 1564/1910/790
f 1660/1912/791 1661/1914/791 1665/1913/791 1664/1911/791
f 1661/1904/767 1662/1905/767 1666/1916/767 1665/1915/767
f 1662/1917/792 1663/1920/792 1667/1919/792 1666/1918/792
f 1663/1920/793 1563/1922/793 1569/1921/793 1667/1919/793
f 1564/1910/794 1664/1911/794 1668/1924/794 1570/1923/794
f 1664/1911/795 1665/1913/795 1669/1925/795 1668/1924/795
f 1665/1915/767 1666/1916/767 1670/1927/767 1669/1926/767
f 1666/1918/796 1667/1919/796 1671/1929/796 1670/1928/796
f 1667/1919/797 1569/1921/797 1575/1930/797 1671/1929/797
f 1570/1923/798 1668/1924/798 1672/1932/798 1576/1931/798
f 1668/1924/799 1669/1925/799 1673/1933/799 1672/1932/799
f 1669/1926/767 1670/1927/767 1674/1935/767 1673/1934/767
f 1670/1928/800 1671/1929/800 1675/1937/800 1674/1936/800
f 1671/1929/801 1575/1930/801 1581/1938/801 1675/1937/801
f 1576/1931/802 1672/1932/802 1676/1940/802 1582/1939/802
f 1672/1932/803 1673/1933/803 1677/1941/803 1676/1940/803
f 1673/1934/767 1674/1935/767 1678/1943/767 1677/1942/767
f 1674/1936/804 1675/1937/804 1679/1945/804 1678/1944/804
f 1675/1937/805 1581/1938/805 1587/1946/805 1679/1945/805
f 1582/1947/806 1676/1950/806 1680/1949/806 1588/1948/806
f 1676/1950/807 1677/1952/807 1681/1951/807 1680/1949/807
f 1677/1942/767 1678/1943/767 1682/1954/767 1681/1953/767
f 1678/1955/808 1679/1958/808 1683/1957/808 1682/1956/808
f 1679/1958/809 1587/1960/809 1593/1959/809 1683/1957/809
f 1588/1948/810 1680/1949/810 1684/1962/810 1594/1961/810
f 1680/1949/811 1681/1951/811 1685/1963/811 1684/1962/811
f 1681/1953/767 1682/1954/767 1686/1965/767 1685/1964/767
f 1682/1956/812 1683/1957/812 1687/1967/812 1686/1966/812
f 1683/1957/813 1593/1959/813 1599/1968/813 1687/1967/813
f 1594/1961/814 1684/1962/814 1688/1970/814 1600/1969/814
f 1684/1962/815 1685/1963/815 1689/1971/815 1688/1970/815
f 1685/1964/767 1686/1965/767 1690/1973/767 1689/1972/767
f 1686/1966/816 1687/1967/816 1691/1975/816 1690/1974/816
f 1687/1967/817 1599/1968/817 1605/1976/817 1691/1975/817
f 1600/1969/818 1688/1970/818 1692/1978/818 1606/1977/818
f 1688/1970/819 1689/1971/819 1693/1979/819 1692/1978/819
f 1689/1972/767 1690/1973/767 1694/1981/767 1693/1980/767
f 1690/1974/820 1691/1975/820 1695/1983/820 1694/1982/820
f 1691/1975/821 1605/1976/821 1611/1984/821 1695/1983/821
f 1606/1977/822 1692/1978/822 1696/1986/822 1612/1985/822
f 1692/1978/823 1693/1979/823 1697/1987/823 1696/1986/823
f 1693/1980/767 1694/1981/767 1698/1989/767 1697/1988/767
f 1694/1982/824 1695/1983/824 1699/1991/824 1698/1990/824
f 1695/1983/825 1611/1984/825 1617/1992/825 1699/1991/825
f 1612/1993/826 1696/1996/826 1700/1995/826 1618/1994/826
f 1696/1996/827 1697/1998/827 1701/1997/827 1700/1995/827
f 1697/1988/767 1698/1989/767 1702/2000/767 1701/1999/767
f 1698/2001/828 1699/2004/828 1703/2003/828 1702/2002/828
f 1699/2004/829 1617/2006/829 1623/2005/829 1703/2003/829
f 1618/1994/830 1700/1995/830 1704/2008/830 1624/2007/830
f 1700/1995/831 1701/1997/831 1705/2009/831 1704/2008/831
f 1701/1999/767 1702/2000/767 1706/2011/767 1705/2010/767
f 1702/2002/832 1703/2003/832 1707/2013/832 1706/2012/832
f 1703/2003/833 1623/2005/833 1629/2014/833 1707/2013/833
f 1624/2007/834 1704/2008/834 1708/2016/834 1630/2015/834
f 1704/2008/835 1705/2009/835 1709/2017/835 1708/2016/835
f 1705/2010/767 1706/2011/767 1710/2019/767 1709/2018/767
f 1706/2012/836 1707/2013/836 1711/2021/836 1710/2020/836
f 1707/2013/837 1629/2014/837 1635/2022/837 1711/2021/837
f 1630/2015/838 1708/2016/838 1636/1850/838 1522/1847/838
f 1708/2016/839 1709/2017/839 1637/1852/839 1636/1850/839
f 1709/2018/767 1710/2019/767 1638/1856/767 1637/1853/767
f 1710/2020/840 1711/2021/840 1639/1860/840 1638/1857/840
f 1711/2021/841 1635/2022/841 1527/1862/841 1639/1860/841
o Forks
g Forks
v -1.182290 2.322960 -0.140254
v -1.195677 2.232492 -0.127656
v -1.165867 2.378344 0.000000
v -1.059242 2.416905 -0.127656
v -1.132870 2.402429 -0.129662
v -1.059242 2.416905 0.000000
v -1.097454 2.246405 -0.140254
v -1.195677 2.232492 0.000000
v -0.985494 2.309632 -0.129662
v -1.165867 2.378344 -0.127656
v -1.195677 2.232492 -0.067469
v -1.059242 2.416905 -0.067469
v -1.165867 2.378344 -0.067469
v -1.182290 2.322960 -0.208865
v -1.132870 2.402429 -0.219045
v -1.097454 2.246405 -0.208865
v -0.985494 2.309632 -0.219045
v -2.254421 0.844080 -0.140254
v -2.169585 0.767526 -0.140254
v -2.254421 0.844080 -0.208865
v -2.169585 0.767526 -0.208865
v -1.012933 2.592906 -0.129662
v -0.865558 2.500109 -0.129662
v -1.012933 2.592906 -0.219045
v -0.865558 2.500109 -0.219045
v -0.921144 2.411830 -0.129662
v -1.068519 2.504627 -0.129662
v -0.921144 2.411830 -0.219045
v -1.068519 2.504627 -0.219045
v -1.012933 2.592906 0.000000
v -0.865558 2.500109 0.000000
v -0.921144 2.411830 0.000000
v -1.068519 2.504627 0.000000
v -0.984131 2.550213 -0.229938
v -0.929245 2.501174 -0.229938
v -0.949947 2.454523 -0.229938
v -1.004832 2.503562 -0.229938
v -0.984131 2.539787 -0.226193
v -0.929245 2.501434 -0.256752
v -0.949947 2.464949 -0.285823
v -1.004832 2.503302 -0.255264
v -0.984131 2.538238 -0.234006
v -0.929245 2.519669 -0.279394
v -0.949947 2.502004 -0.322571
v -1.004832 2.520573 -0.277184
v -0.984131 2.559060 -0.242822
v -0.929245 2.545458 -0.289937
v -0.949947 2.532517 -0.334757
v -1.004832 2.546120 -0.287643
v -0.760233 2.821397 -0.322270
v -0.717329 2.786218 -0.370632
v -0.739056 2.790235 -0.416639
v -0.781960 2.825413 -0.368277
v -0.743197 2.849823 -0.329493
v -0.706598 2.804123 -0.374094
v -0.734324 2.798131 -0.416524
v -0.770922 2.843830 -0.371923
v -0.728777 2.873884 -0.343549
v -0.696870 2.820356 -0.382713
v -0.729058 2.806916 -0.419971
v -0.760965 2.860444 -0.380806
v -0.719962 2.888592 -0.357472
v -0.691468 2.829369 -0.390607
v -0.726903 2.810512 -0.422127
v -0.755397 2.869735 -0.388993
v -0.703675 2.915769 -0.396572
v -0.679987 2.848527 -0.414862
v -0.719994 2.822041 -0.432261
v -0.743682 2.889283 -0.413971
v -0.692813 2.933894 -0.474474
v -0.670115 2.864999 -0.462004
v -0.711064 2.836941 -0.450142
v -0.733762 2.905835 -0.462611
v -0.692813 2.933894 -0.474474
v -0.670115 2.864999 -0.462004
v -0.711064 2.836941 -0.450142
v -0.733762 2.905835 -0.462611
v -0.673875 2.916756 -0.515231
v -0.665640 2.844125 -0.496563
v -0.711401 2.836379 -0.465973
v -0.738198 2.898434 -0.495097
v -0.326630 2.719928 -0.802087
v -0.291246 2.674827 -0.753616
v -0.293522 2.629662 -0.770658
v -0.328906 2.674763 -0.819129
v -1.204501 2.436240 0.000000
v -1.242849 2.184297 0.000000
v -1.242849 2.184297 -0.122583
v -1.204501 2.436240 -0.122583
v -1.316350 2.510156 0.000000
v -1.354698 2.168898 0.000000
v -1.354698 2.214994 -0.122583
v -1.316350 2.466937 -0.122583
v -1.180772 2.305418 -0.127656
v -1.139872 2.284683 -0.140254
v -1.059182 2.356030 -0.129662
v -1.180772 2.305418 -0.067469
v -1.139872 2.284683 -0.208865
v -1.059182 2.356030 -0.219045
v -2.212003 0.805803 -0.140254
v -2.212003 0.805803 -0.208865
v -0.939246 2.546508 -0.129662
v -0.939246 2.546508 -0.219045
v -0.994832 2.458229 -0.219045
v -0.994832 2.458229 -0.129662
v -0.939246 2.546508 0.000000
v -0.994832 2.458229 0.000000
v -0.956688 2.525693 -0.229938
v -0.977389 2.479043 -0.229938
v -0.956688 2.520611 -0.241472
v -0.977389 2.484125 -0.270543
v -0.956688 2.528953 -0.256700
v -0.977389 2.511289 -0.299877
v -0.956688 2.552259 -0.266380
v -0.977389 2.539319 -0.311200
v -0.738781 2.803807 -0.346451
v -0.760508 2.807824 -0.392458
v -0.724898 2.826973 -0.351794
v -0.752623 2.820980 -0.394223
v -0.712823 2.847120 -0.363131
v -0.745012 2.833680 -0.400389
v -0.705715 2.858981 -0.374040
v -0.741150 2.840123 -0.405560
v -0.691831 2.882148 -0.405717
v -0.731838 2.855662 -0.423116
v -0.681464 2.899446 -0.468239
v -0.722413 2.871388 -0.456377
v -0.681464 2.899446 -0.468239
v -0.722413 2.871388 -0.456377
v -0.669758 2.880440 -0.505897
v -0.724799 2.867406 -0.480535
v -0.308938 2.697378 -0.777851
v -0.311214 2.652212 -0.794894
v -1.223675 2.310268 -0.122583
v -1.335524 2.340965 0.000000
v -1.335524 2.340965 -0.168555
v -2.120377 0.835402 -0.140254
v -2.120377 0.835402 -0.208865
v -2.205213 0.911957 -0.208865
v -2.205213 0.911957 -0.140254
v -2.162795 0.873680 -0.140254
v -2.162795 0.873680 -0.208865
v -2.204804 0.815733 -0.132174
v -2.174797 0.788656 -0.132174
v -2.139987 0.836672 -0.132174
v -2.234811 0.842811 -0.132174
v -2.169994 0.863750 -0.132174
v -2.200001 0.890827 -0.132174
v -2.196026 0.827842 0.000000
v -2.181153 0.814421 0.000000
v -2.163899 0.838220 0.000000
v -2.210898 0.841263 0.000000
v -2.178772 0.851641 0.000000
v -2.193645 0.865062 0.000000
v -1.182290 2.322960 0.140254
v -1.195677 2.232492 0.127656
v -1.059242 2.416905 0.127656
v -1.132870 2.402429 0.129662
v -1.097454 2.246405 0.140254
v -0.985494 2.309632 0.129662
v -1.165867 2.378344 0.127656
v -1.195677 2.232492 0.067469
v -1.059242 2.416905 0.067469
v -1.165867 2.378344 0.067469
v -1.182290 2.322960 0.208865
v -1.132870 2.402429 0.219045
v -1.097454 2.246405 0.208865
v -0.985494 2.309632 0.219045
v -2.254421 0.844080 0.140254
v -2.169585 0.767526 0.140254
v -2.254421 0.844080 0.208865
v -2.169585 0.767526 0.208865
v -1.012933 2.592906 0.129662
v -0.865558 2.500109 0.129662
v -1.012933 2.592906 0.219045
v -0.865558 2.500109 0.219045
v -0.921144 2.411830 0.129662
v -1.068519 2.504627 0.129662
v -0.921144 2.411830 0.219045
v -1.068519 2.504627 0.219045
v -0.984131 2.550213 0.229938
v -0.929245 2.501174 0.229938
v -0.949947 2.454523 0.229938
v -1.004832 2.503562 0.229938
v -0.984131 2.539787 0.226193
v -0.929245 2.501434 0.256752
v -0.949947 2.464949 0.285823
v -1.004832 2.503302 0.255264
v -0.984131 2.538238 0.234006
v -0.929245 2.519669 0.279394
v -0.949947 2.502004 0.322571
v -1.004832 2.520573 0.277184
v -0.984131 2.559060 0.242822
v -0.929245 2.545458 0.289937
v -0.949947 2.532517 0.334757
v -1.004832 2.546120 0.287643
v -0.760233 2.821397 0.322270
v -0.717329 2.786218 0.370632
v -0.739056 2.790235 0.416639
v -0.781960 2.825413 0.368277
v -0.743197 2.849823 0.329493
v -0.706598 2.804123 0.374094
v -0.734324 2.798131 0.416524
v -0.770922 2.843830 0.371923
v -0.728777 2.873884 0.343549
v -0.696870 2.820356 0.382713
v -0.729058 2.806916 0.419971
v -0.760965 2.860444 0.380806
v -0.719962 2.888592 0.357472
v -0.691468 2.829369 0.390607
v -0.726903 2.810512 0.422127
v -0.755397 2.869735 0.388993
v -0.703675 2.915769 0.396572
v -0.679987 2.848527 0.414862
v -0.719994 2.822041 0.432261
v -0.743682 2.889283 0.413971
v -0.692813 2.933894 0.474474
v -0.670115 2.864999 0.462004
v -0.711064 2.836941 0.450142
v -0.733762 2.905835 0.462611
v -0.692813 2.933894 0.474474
v -0.670115 2.864999 0.462004
v -0.711064 2.836941 0.450142
v -0.733762 2.905835 0.462611
v -0.673875 2.916756 0.515231
v -0.665640 2.844125 0.496563
v -0.711401 2.836379 0.465973
v -0.738198 2.898434 0.495097
v -0.326630 2.719928 0.802087
v -0.291246 2.674827 0.753616
v -0.293522 2.629662 0.770658
v -0.328906 2.674763 0.819129
v -1.242849 2.184297 0.122583
v -1.204501 2.436240 0.122583
v -1.354698 2.214994 0.122583
v -1.316350 2.466937 0.122583
v -1.180772 2.305418 0.127656
v -1.139872 2.284683 0.140254
v -1.059182 2.356030 0.129662
v -1.180772 2.305418 0.067469
v -1.139872 2.284683 0.208865
v -1.059182 2.356030 0.219045
v -2.212003 0.805803 0.140254
v -2.212003 0.805803 0.208865
v -0.939246 2.546508 0.129662
v -0.939246 2.546508 0.219045
v -0.994832 2.458229 0.219045
v -0.994832 2.458229 0.129662
v -0.956688 2.525693 0.229938
v -0.977389 2.479043 0.229938
v -0.956688 2.520611 0.241472
v -0.977389 2.484125 0.270543
v -0.956688 2.528953 0.256700
v -0.977389 2.511289 0.299877
v -0.956688 2.552259 0.266380
v -0.977389 2.539319 0.311200
v -0.738781 2.803807 0.346451
v -0.760508 2.807824 0.392458
v -0.724898 2.826973 0.351794
v -0.752623 2.820980 0.394223
v -0.712823 2.847120 0.363131
v -0.745012 2.833680 0.400389
v -0.705715 2.858981 0.374040
v -0.741150 2.840123 0.405560
v -0.691831 2.882148 0.405717
v -0.731838 2.855662 0.423116
v -0.681464 2.899446 0.468239
v -0.722413 2.871388 0.456377
v -0.681464 2.899446 0.468239
v -0.722413 2.871388 0.456377
v -0.669758 2.880440 0.505897
v -0.724799 2.867406 0.480535
v -0.308938 2.697378 0.777851
v -0.311214 2.652212 0.794894
v -1.223675 2.310268 0.122583
v -1.335524 2.340965 0.168555
v -2.120377 0.835402 0.140254
v -2.120377 0.835402 0.208865
v -2.205213 0.911957 0.208865
v -2.205213 0.911957 0.140254
v -2.162795 0.873680 0.140254
v -2.162795 0.873680 0.208865
v -2.204804 0.815733 0.132174
v -2.174797 0.788656 0.132174
v -2.139987 0.836672 0.132174
v -2.234811 0.842811 0.132174
v -2.169994 0.863750 0.132174
v -2.200001 0.890827 0.132174
vn -0.9486 -0.2347 -0.2125
vn -0.3401 0.9404 -0.0000
vn -0.9797 0.2002 -0.0000
vn -0.5881 0.7922 -0.1629
vn -0.8492 0.5281 -0.0000
vn 0.7927 -0.1358 -0.5943
vn -0.0601 -0.0824 -0.9948
vn 0.8462 -0.5328 -0.0000
vn 0.4917 -0.8707 -0.0000
vn 0.8096 -0.5869 -0.0000
vn -0.6699 -0.7424 -0.0000
vn -0.8096 0.5869 -0.0000
vn -0.0000 -0.0000 -1.0000
vn 0.3700 0.4101 0.8336
vn 0.5328 0.8462 -0.0000
vn -0.8462 0.5328 -0.0000
vn 0.1883 0.2685 -0.9447
vn -0.0000 -0.0000 1.0000
vn -0.5328 -0.8462 -0.0000
vn 0.9014 -0.4295 -0.0555
vn -0.1883 -0.2685 -0.9447
vn 0.1817 -0.1028 -0.9780
vn -0.1817 0.1028 -0.9780
vn -0.8919 0.3998 0.2114
vn -0.8300 0.4999 -0.2475
vn 0.6026 0.7918 -0.0996
vn -0.6314 -0.7734 -0.0566
vn -0.6653 -0.2812 -0.6916
vn 0.6350 0.6324 0.4438
vn -0.6454 -0.5771 -0.5003
vn 0.9064 -0.3091 -0.2878
vn -0.7042 0.6590 0.2642
vn 0.9137 -0.1522 -0.3769
vn -0.9136 0.1561 0.3755
vn 0.6652 0.2844 0.6904
vn -0.7411 0.5375 0.4024
vn 0.5975 -0.2758 0.7529
vn -0.6039 0.2624 -0.7526
vn 0.6937 -0.6725 -0.2580
vn -0.7226 0.0806 -0.6865
vn 0.6364 -0.2231 0.7384
vn -0.6213 0.2448 -0.7443
vn 0.7570 -0.5071 -0.4120
vn -0.6532 0.6863 0.3200
vn 0.7011 -0.6034 -0.3800
vn -0.6912 0.6219 0.3681
vn 0.7321 -0.0669 0.6779
vn 0.8533 0.1489 0.4997
vn 0.8043 0.0512 0.5920
vn -0.7950 -0.0376 -0.6055
vn 0.6632 -0.6674 -0.3387
vn -0.8986 -0.2922 -0.3274
vn -0.8404 -0.1332 -0.5253
vn 0.6278 -0.7167 -0.3038
vn -0.6182 0.7388 0.2686
vn -0.0000 1.0000 -0.0000
vn 0.5549 -0.8007 -0.2259
vn -0.5601 0.8178 0.1321
vn 0.9169 0.3012 0.2620
vn -0.9382 -0.2996 0.1732
vn 0.4888 -0.2281 0.8421
vn 0.5042 -0.7790 0.3728
vn -0.4658 0.8071 -0.3627
vn 0.9688 0.2314 0.0893
vn 0.8580 0.1429 -0.4934
vn -0.4259 0.4074 -0.8079
vn 0.6459 0.5445 0.5351
vn -0.6490 -0.6558 -0.3856
vn 0.1446 -0.1989 -0.9693
vn 0.7147 -0.6995 -0.0000
vn 0.8318 0.5551 -0.0000
vn -0.9911 0.1318 -0.0196
vn -0.0671 -0.9806 -0.1844
vn 0.4183 0.8945 -0.1577
vn -0.9912 0.1307 0.0207
vn 0.2359 0.1396 -0.9617
vn -0.6345 -0.6598 -0.4026
vn 0.6811 0.5365 0.4983
vn 0.9342 0.2583 0.2460
vn -0.9408 -0.3236 0.1008
vn 0.9267 0.3065 0.2174
vn -0.8120 -0.1013 -0.5748
vn -0.8446 -0.2680 -0.4636
vn -0.7703 -0.0038 -0.6376
vn 0.8100 0.0598 0.5834
vn 0.8619 0.1600 0.4812
vn 0.7387 -0.0570 0.6716
vn -0.5863 0.2921 -0.7556
vn 0.6463 -0.2085 0.7341
vn -0.7035 0.1073 -0.7025
vn -0.6055 0.2590 -0.7525
vn 0.5961 -0.2788 0.7530
vn 0.6650 0.2887 0.6888
vn -0.6494 -0.5453 -0.5300
vn 0.5696 0.7884 0.2324
vn -0.6653 -0.2782 -0.6928
vn -0.6388 -0.7596 -0.1221
vn 0.1079 0.4462 -0.8884
vn -0.2481 -0.3538 -0.9018
vn 0.2481 0.3538 -0.9018
vn -0.3700 -0.4101 0.8336
vn -0.0538 -0.0737 -0.9958
vn 0.7602 -0.1303 -0.6365
vn -0.1801 -0.0446 -0.9826
vn -0.8003 0.5802 0.1516
vn 0.6657 0.7378 0.1118
vn -0.3540 0.2566 0.8994
vn 0.3539 -0.2566 0.8994
vn -0.6657 -0.7378 0.1118
vn 0.8003 -0.5802 0.1516
vn -0.9486 -0.2347 0.2125
vn -0.5881 0.7922 0.1629
vn 0.7927 -0.1358 0.5943
vn -0.0601 -0.0824 0.9948
vn 0.3700 0.4101 -0.8336
vn 0.1883 0.2685 0.9447
vn 0.9014 -0.4295 0.0555
vn -0.1883 -0.2685 0.9447
vn 0.1817 -0.1028 0.9780
vn -0.1817 0.1028 0.9780
vn -0.8919 0.3998 -0.2114
vn -0.8300 0.4999 0.2475
vn 0.6026 0.7918 0.0996
vn -0.6314 -0.7734 0.0566
vn -0.6653 -0.2812 0.6916
vn 0.6350 0.6324 -0.4438
vn -0.6454 -0.5771 0.5003
vn 0.9064 -0.3091 0.2878
vn -0.7042 0.6590 -0.2642
vn 0.9137 -0.1522 0.3769
vn -0.9136 0.1561 -0.3755
vn 0.6652 0.2844 -0.6904
vn -0.7411 0.5375 -0.4024
vn 0.5975 -0.2758 -0.7529
vn -0.6039 0.2624 0.7526
vn 0.6937 -0.6725 0.2580
vn -0.7226 0.0806 0.6865
vn 0.6364 -0.2231 -0.7384
vn -0.6213 0.2448 0.7443
vn 0.7570 -0.5071 0.4120
vn -0.6532 0.6863 -0.3200
vn 0.7011 -0.6034 0.3800
vn -0.6912 0.6219 -0.3681
vn 0.7321 -0.0669 -0.6779
vn 0.8533 0.1489 -0.4997
vn 0.8043 0.0512 -0.5920
vn -0.7950 -0.0376 0.6055
vn 0.6632 -0.6674 0.3387
vn -0.8986 -0.2922 0.3274
vn -0.8404 -0.1332 0.5253
vn 0.6278 -0.7167 0.3038
vn -0.6182 0.7388 -0.2686
vn 0.5549 -0.8007 0.2259
vn -0.5601 0.8178 -0.1321
vn 0.9169 0.3012 -0.2620
vn -0.9382 -0.2996 -0.1732
vn 0.4888 -0.2281 -0.8421
vn 0.5042 -0.7790 -0.3728
vn -0.4658 0.8071 0.3627
vn 0.9688 0.2314 -0.0893
vn 0.8580 0.1429 0.4934
vn -0.4259 0.4074 0.8079
vn 0.6459 0.5445 -0.5351
vn -0.6490 -0.6558 0.3856
vn 0.1446 -0.1989 0.9693
vn -0.9911 0.1318 0.0196
vn -0.0671 -0.9806 0.1844
vn 0.4183 0.8945 0.1577
vn -0.9912 0.1307 -0.0207
vn 0.2359 0.1396 0.9617
vn -0.6345 -0.6598 0.4026
vn 0.6811 0.5365 -0.4983
vn 0.9342 0.2583 -0.2460
vn -0.9408 -0.3236 -0.1008
vn 0.9267 0.3065 -0.2174
vn -0.8120 -0.1013 0.5748
vn -0.8446 -0.2680 0.4636
vn -0.7703 -0.0038 0.6376
vn 0.8100 0.0598 -0.5834
vn 0.8619 0.1600 -0.4812
vn 0.7387 -0.0570 -0.6716
vn -0.5863 0.2921 0.7556
vn 0.6463 -0.2085 -0.7341
vn -0.7035 0.1073 0.7025
vn -0.6055 0.2590 0.7525
vn 0.5961 -0.2788 -0.7530
vn 0.6650 0.2887 -0.6888
vn -0.6494 -0.5453 0.5300
vn 0.5696 0.7884 -0.2324
vn -0.6653 -0.2782 0.6928
vn -0.6388 -0.7596 0.1221
vn 0.1079 0.4462 0.8884
vn -0.2481 -0.3538 0.9018
vn 0.2481 0.3538 0.9018
vn -0.3700 -0.4101 -0.8336
vn -0.0538 -0.0737 0.9958
vn 0.7602 -0.1303 0.6365
vn -0.1801 -0.0446 0.9826
vn -0.8003 0.5802 -0.1516
vn 0.6657 0.7378 -0.1118
vn -0.3540 0.2566 -0.8994
vn 0.3539 -0.2566 -0.8994
vn -0.6657 -0.7378 -0.1118
vn 0.8003 -0.5802 -0.1516
vt 0.556689 0.571975
vt 0.561125 0.555207
vt 0.563163 0.566194
vt 0.563163 0.592090
vt 0.258305 0.087872
vt 0.261552 0.128133
vt 0.231136 0.128073
vt 0.227889 0.087812
vt 0.260280 0.159810
vt 0.288685 0.128187
vt 0.287413 0.159864
vt 0.288895 0.111043
vt 0.293600 0.153471
vt 0.285437 0.087927
vt 0.329189 0.111123
vt 0.324531 0.153532
vt 0.495552 0.597775
vt 0.495341 0.627532
vt 0.468338 0.656329
vt 0.468338 0.606817
vt 0.159488 0.160547
vt 0.133772 0.157516
vt 0.131284 0.115052
vt 0.170684 0.112890
vt 0.049385 0.056176
vt 0.049185 0.009306
vt 0.107622 0.009891
vt 0.107821 0.056761
vt 0.049616 0.110436
vt 0.042106 0.164881
vt 0.011184 0.164572
vt 0.009333 0.110033
vt 0.009007 0.952719
vt 0.039929 0.953029
vt 0.039824 0.990943
vt 0.008902 0.990633
vt 0.524234 0.703637
vt 0.524234 0.677741
vt 0.554969 0.677682
vt 0.554969 0.703578
vt 0.298147 0.941253
vt 0.329077 0.941315
vt 0.329296 0.979211
vt 0.298366 0.979149
vt 0.151715 0.950086
vt 0.177431 0.953117
vt 0.177057 0.991098
vt 0.151342 0.988067
vt 0.347100 0.804373
vt 0.372819 0.801599
vt 0.373001 0.807193
vt 0.354808 0.809155
vt 0.660612 0.189159
vt 0.621440 0.188510
vt 0.621440 0.148360
vt 0.660612 0.149009
vt 0.009102 0.055773
vt 0.008902 0.008902
vt 0.329246 0.056383
vt 0.288952 0.056303
vt 0.289002 0.009019
vt 0.329296 0.009099
vt 0.165026 0.011064
vt 0.204427 0.008902
vt 0.180723 0.025045
vt 0.164150 0.023175
vt 0.128248 0.060418
vt 0.167648 0.058257
vt 0.711579 0.687340
vt 0.711579 0.726761
vt 0.656838 0.726744
vt 0.656838 0.687323
vt 0.721960 0.528596
vt 0.721960 0.568016
vt 0.674675 0.568001
vt 0.674674 0.528581
vt 0.639034 0.688309
vt 0.639034 0.727290
vt 0.580967 0.725865
vt 0.580967 0.686884
vt 0.699784 0.189808
vt 0.699784 0.248051
vt 0.660612 0.247402
vt 0.230499 0.056186
vt 0.230549 0.008902
vt 0.563163 0.516421
vt 0.555734 0.537403
vt 0.533270 0.524782
vt 0.551923 0.511957
vt 0.152168 0.043970
vt 0.168740 0.045841
vt 0.207049 0.056095
vt 0.185313 0.047712
vt 0.125626 0.013226
vt 0.147577 0.021304
vt 0.508170 0.268028
vt 0.489257 0.254867
vt 0.492727 0.254194
vt 0.515455 0.258149
vt 0.497462 0.271972
vt 0.489654 0.250417
vt 0.434268 0.705560
vt 0.445984 0.717411
vt 0.437308 0.725783
vt 0.431752 0.710056
vt 0.483518 0.726864
vt 0.468338 0.719950
vt 0.473094 0.709665
vt 0.489762 0.709432
vt 0.488373 0.692821
vt 0.472816 0.697769
vt 0.468338 0.689133
vt 0.483431 0.683407
vt 0.425765 0.729749
vt 0.424907 0.713399
vt 0.521436 0.506348
vt 0.544185 0.502142
vt 0.516970 0.247039
vt 0.494085 0.245092
vt 0.470588 0.088807
vt 0.492178 0.084512
vt 0.519285 0.494119
vt 0.542264 0.491767
vt 0.416342 0.728615
vt 0.416342 0.712421
vt 0.468338 0.073599
vt 0.490284 0.074824
vt 0.591591 0.189149
vt 0.579547 0.183437
vt 0.573674 0.037656
vt 0.586770 0.037875
vt 0.592875 0.465780
vt 0.580967 0.471355
vt 0.583153 0.308318
vt 0.595945 0.308255
vt 0.539406 0.340009
vt 0.561377 0.343276
vt 0.595097 0.301334
vt 0.581977 0.298612
vt 0.580967 0.289776
vt 0.594319 0.294589
vt 0.575044 0.028286
vt 0.588524 0.025747
vt 0.540883 0.336160
vt 0.563163 0.333942
vt 0.490934 0.065191
vt 0.469782 0.059459
vt 0.472912 0.049966
vt 0.492655 0.059292
vt 0.541025 0.331295
vt 0.562479 0.324584
vt 0.576165 0.019758
vt 0.589900 0.015160
vt 0.430312 0.585311
vt 0.416342 0.579794
vt 0.416841 0.567480
vt 0.430832 0.569369
vt 0.576719 0.015005
vt 0.590617 0.008902
vt 0.689389 0.620192
vt 0.674914 0.626270
vt 0.674674 0.621784
vt 0.689190 0.617305
vt 0.540769 0.329181
vt 0.560795 0.318881
vt 0.689041 0.608089
vt 0.674674 0.608908
vt 0.676458 0.585821
vt 0.689895 0.591895
vt 0.538598 0.321881
vt 0.554072 0.305539
vt 0.484335 0.030291
vt 0.499545 0.045642
vt 0.618299 0.271256
vt 0.533783 0.311664
vt 0.537248 0.289776
vt 0.513805 0.008902
vt 0.516970 0.029698
vt 0.416342 0.545121
vt 0.429849 0.540060
vt 0.428029 0.017894
vt 0.439717 0.008902
vt 0.450533 0.017764
vt 0.436257 0.024439
vt 0.422799 0.316877
vt 0.435146 0.299154
vt 0.435146 0.517195
vt 0.416342 0.508675
vt 0.716433 0.289776
vt 0.712676 0.311616
vt 0.705955 0.309217
vt 0.700508 0.289776
vt 0.547074 0.633307
vt 0.546014 0.612299
vt 0.563163 0.609895
vt 0.562227 0.633307
vt 0.490098 0.298636
vt 0.501480 0.307496
vt 0.494037 0.322268
vt 0.482412 0.316062
vt 0.534775 0.254378
vt 0.534775 0.241808
vt 0.552144 0.244496
vt 0.552144 0.257066
vt 0.534775 0.008902
vt 0.555870 0.031122
vt 0.553182 0.215237
vt 0.534775 0.224003
vt 0.501480 0.539499
vt 0.484909 0.535886
vt 0.450533 0.274122
vt 0.433922 0.277736
vt 0.673626 0.072807
vt 0.673626 0.130555
vt 0.621440 0.124398
vt 0.622136 0.066281
vt 0.525687 0.629485
vt 0.523473 0.659878
vt 0.682703 0.380401
vt 0.652397 0.380262
vt 0.626541 0.349977
vt 0.681604 0.350230
vt 0.580976 0.559073
vt 0.580967 0.489160
vt 0.635911 0.503151
vt 0.656870 0.555342
vt 0.728331 0.398205
vt 0.724257 0.452967
vt 0.690453 0.456378
vt 0.680943 0.398205
vt 0.629615 0.301929
vt 0.682703 0.289776
vt 0.580967 0.630098
vt 0.636431 0.609569
vt 0.673626 0.015059
vt 0.621440 0.008902
vt 0.421980 0.031114
vt 0.417310 0.281349
vt 0.470788 0.309855
vt 0.468338 0.532273
vt 0.534775 0.266947
vt 0.552143 0.269636
vt 0.478715 0.289776
vt 0.416342 0.026886
vt 0.444824 0.571258
vt 0.443357 0.534999
vt 0.703706 0.612825
vt 0.703407 0.607270
vt 0.703332 0.597969
vt 0.607672 0.299402
vt 0.593944 0.291137
vt 0.607455 0.297486
vt 0.443733 0.598177
vt 0.429858 0.591095
vt 0.444282 0.590827
vt 0.602003 0.023208
vt 0.603636 0.010561
vt 0.608737 0.308193
vt 0.608217 0.304056
vt 0.599865 0.038095
vt 0.604783 0.460206
vt 0.603636 0.194861
vt 0.424048 0.697049
vt 0.416342 0.696228
vt 0.506430 0.709200
vt 0.503930 0.687872
vt 0.426196 0.694329
vt 0.498525 0.677682
vt 0.498698 0.733778
vt 0.165598 0.024892
vt 0.150275 0.025210
vt 0.621440 0.246753
vt 0.639034 0.649328
vt 0.580967 0.647902
vt 0.721960 0.489175
vt 0.674674 0.489160
vt 0.711579 0.647920
vt 0.656838 0.647902
vt 0.210084 0.110729
vt 0.699784 0.149658
vt 0.372819 0.839598
vt 0.347100 0.842372
vt 0.354808 0.836036
vt 0.373001 0.834074
vt 0.126000 0.947055
vt 0.125626 0.985036
vt 0.524234 0.729533
vt 0.554969 0.729474
vt 0.185204 0.163577
vt 0.495764 0.568018
vt 0.468338 0.557304
vt 0.259008 0.191486
vt 0.286141 0.191540
vt 0.723200 0.130034
vt 0.691430 0.118696
vt 0.703310 0.101466
vt 0.723200 0.084887
vt 0.347100 0.014450
vt 0.372819 0.011676
vt 0.398537 0.008902
vt 0.398537 0.798825
vt 0.416342 0.615982
vt 0.443150 0.615982
vt 0.437586 0.676525
vt 0.424298 0.676525
vt 0.644840 0.398205
vt 0.663139 0.398205
vt 0.653122 0.458479
vt 0.644053 0.458479
vt 0.398537 0.836824
vt 0.391194 0.832112
vt 0.391194 0.805231
vt 0.700508 0.338490
vt 0.700508 0.329420
vt 0.713754 0.330849
vt 0.713754 0.339919
vt 0.700508 0.347560
vt 0.713754 0.348988
vt 0.691430 0.008902
vt 0.709749 0.008902
vt 0.709224 0.067083
vt 0.700145 0.067083
vt 0.728068 0.008902
vt 0.718304 0.067083
vt 0.626541 0.398205
vt 0.634983 0.458479
vt 0.573674 0.212665
vt 0.600495 0.212665
vt 0.593665 0.271256
vt 0.580371 0.271256
s 0
usemtl Material.001
f 1805/2023/842 1721/2024/842 1712/2025/842 1806/2026/842
f 1723/2027/843 1724/2028/843 1714/2029/843 1717/2030/843
f 1808/2031/844 1724/2028/844 1721/2032/844 1805/2033/844
f 1716/2034/845 1712/2035/845 1721/2032/845 1715/2036/845
f 1712/2035/846 1716/2034/846 1726/2037/846 1725/2038/846
f 1808/2039/847 1722/2040/847 1799/2041/847 1845/2042/847
f 1715/2036/843 1721/2032/843 1724/2028/843 1723/2027/843
f 1809/2043/848 1725/2044/848 1726/2045/848 1810/2046/848
f 1737/2047/849 1734/2048/849 1742/2049/849 1743/2050/849
f 1720/2051/850 1718/2052/850 1727/2053/850 1728/2054/850
f 1849/2055/851 1848/2056/851 1730/2057/851 1732/2058/851
f 1811/2059/852 1729/2060/852 1731/2061/852 1812/2062/852
f 1851/2063/853 1850/2064/853 1731/2065/853 1729/2066/853
f 1853/2067/854 1849/2068/854 1732/2069/854 1812/2070/854
f 1848/2071/855 1852/2072/855 1858/2073/855 1856/2074/855
f 1813/2075/856 1734/2076/856 1736/2077/856 1814/2078/856
f 1737/2047/849 1739/2079/849 1736/2080/849 1734/2048/849
f 1740/2081/857 1738/2082/857 1733/2083/857 1735/2084/857
f 1814/2085/858 1736/2086/858 1746/2087/858 1819/2088/858
f 1810/2046/854 1726/2045/854 1740/2089/854 1815/2090/854
f 1726/2037/857 1716/2034/857 1738/2082/857 1740/2081/857
f 1720/2051/849 1728/2054/849 1739/2079/849 1737/2047/849
f 1807/2091/859 1720/2092/859 1737/2093/859 1816/2094/859
f 1818/2095/859 1743/2096/859 1742/2097/859 1817/2098/859
f 1816/2099/860 1737/2100/860 1743/2101/860 1818/2102/860
f 1813/2075/856 1733/2103/856 1741/2104/856 1817/2105/856
f 1733/2083/857 1738/2082/857 1744/2106/857 1741/2107/857
f 1746/2108/861 1747/2109/861 1751/2110/861 1750/2111/861
f 1815/2090/862 1740/2089/862 1748/2112/862 1820/2113/862
f 1736/2086/863 1739/2114/863 1747/2115/863 1746/2087/863
f 1740/2089/864 1735/2116/864 1745/2117/864 1748/2112/864
f 1752/2118/865 1749/2119/865 1753/2120/865 1756/2121/865
f 1748/2122/866 1745/2123/866 1749/2119/866 1752/2118/866
f 1819/2124/867 1746/2125/867 1750/2126/867 1821/2127/867
f 1820/2128/868 1748/2129/868 1752/2130/868 1822/2131/868
f 1824/2132/869 1756/2133/869 1760/2134/869 1826/2135/869
f 1821/2127/870 1750/2126/870 1754/2136/870 1823/2137/870
f 1822/2131/871 1752/2130/871 1756/2133/871 1824/2132/871
f 1750/2111/872 1751/2110/872 1755/2138/872 1754/2139/872
f 1760/2140/873 1757/2141/873 1761/2142/873 1764/2143/873
f 1754/2139/874 1755/2138/874 1759/2144/874 1758/2145/874
f 1756/2121/875 1753/2120/875 1757/2141/875 1760/2140/875
f 1823/2137/876 1754/2136/876 1758/2146/876 1825/2147/876
f 1764/2143/877 1761/2142/877 1765/2148/877 1768/2149/877
f 1825/2150/878 1758/2151/878 1762/2152/878 1827/2153/878
f 1826/2154/879 1760/2155/879 1764/2156/879 1828/2157/879
f 1758/2145/880 1759/2144/880 1763/2158/880 1762/2159/880
f 1830/2160/881 1768/2161/881 1772/2162/881 1832/2163/881
f 1827/2153/882 1762/2152/882 1766/2164/882 1829/2165/882
f 1828/2157/883 1764/2156/883 1768/2161/883 1830/2160/883
f 1762/2159/884 1763/2158/884 1767/2166/884 1766/2167/884
f 1772/2168/885 1769/2169/885 1773/2170/885 1776/2171/885
f 1766/2167/886 1767/2166/886 1771/2172/886 1770/2173/886
f 1768/2149/887 1765/2148/887 1769/2169/887 1772/2168/887
f 1829/2165/888 1766/2164/888 1770/2174/888 1831/2175/888
f 1833/2176/889 1774/2177/889 1778/2178/889 1835/2179/889
f 1831/2175/890 1770/2174/890 1774/2180/890 1833/2181/890
f 1832/2182/891 1772/2183/891 1776/2184/891 1834/2185/891
f 1770/2173/892 1771/2172/892 1775/2186/892 1774/2187/892
f 1836/2188/893 1780/2189/893 1784/2190/893 1838/2191/893
f 1834/2185/894 1776/2184/894 1780/2189/894 1836/2188/894
f 1774/2187/895 1775/2186/895 1779/2192/895 1778/2193/895
f 1776/2171/896 1773/2170/896 1777/2194/896 1780/2195/896
f 1784/2196/897 1781/2196/897 1785/2196/897 1788/2196/897
f 1778/2193/898 1779/2192/898 1783/2197/898 1782/2198/898
f 1780/2195/899 1777/2194/899 1781/2199/899 1784/2200/899
f 1835/2179/900 1778/2178/900 1782/2201/900 1837/2202/900
f 1840/2203/901 1788/2204/901 1792/2205/901 1842/2206/901
f 1837/2196/897 1782/2196/897 1786/2196/897 1839/2196/897
f 1838/2196/897 1784/2196/897 1788/2196/897 1840/2196/897
f 1782/2196/897 1783/2196/897 1787/2196/897 1786/2196/897
f 1790/2207/902 1791/2208/902 1795/2209/902 1794/2210/902
f 1786/2211/903 1787/2212/903 1791/2213/903 1790/2214/903
f 1788/2215/904 1785/2216/904 1789/2217/904 1792/2218/904
f 1839/2219/905 1786/2220/905 1790/2221/905 1841/2222/905
f 1844/2223/906 1796/2224/906 1793/2225/906 1843/2226/906
f 1792/2227/907 1789/2228/907 1793/2229/907 1796/2230/907
f 1841/2222/908 1790/2221/908 1794/2231/908 1843/2232/908
f 1842/2206/909 1792/2205/909 1796/2233/909 1844/2234/909
f 1845/2235/910 1799/2236/910 1803/2237/910 1847/2238/910
f 1722/2040/911 1719/2239/911 1798/2240/911 1799/2041/911
f 1714/2241/912 1724/2242/912 1800/2243/912 1797/2244/912
f 1846/2245/913 1801/2246/913 1804/2247/913 1847/2248/913
f 1799/2249/914 1798/2250/914 1802/2251/914 1803/2252/914
f 1797/2244/915 1800/2243/915 1804/2253/915 1801/2254/915
f 1802/2255/916 1846/2245/916 1847/2248/916 1803/2256/916
f 1800/2257/917 1845/2235/917 1847/2238/917 1804/2258/917
f 1791/2259/918 1842/2206/918 1844/2234/918 1795/2260/918
f 1789/2261/919 1841/2222/919 1843/2232/919 1793/2262/919
f 1795/2263/906 1844/2223/906 1843/2226/906 1794/2264/906
f 1785/2265/920 1839/2219/920 1841/2222/920 1789/2261/920
f 1783/2196/897 1838/2196/897 1840/2196/897 1787/2196/897
f 1781/2196/897 1837/2196/897 1839/2196/897 1785/2196/897
f 1787/2266/921 1840/2203/921 1842/2206/921 1791/2259/921
f 1777/2267/922 1835/2179/922 1837/2202/922 1781/2268/922
f 1775/2269/923 1834/2185/923 1836/2188/923 1779/2270/923
f 1779/2270/924 1836/2188/924 1838/2191/924 1783/2271/924
f 1771/2272/925 1832/2163/925 1834/2273/925 1775/2274/925
f 1769/2275/926 1831/2276/926 1833/2176/926 1773/2277/926
f 1773/2277/927 1833/2176/927 1835/2179/927 1777/2267/927
f 1765/2278/928 1829/2165/928 1831/2175/928 1769/2279/928
f 1763/2280/929 1828/2157/929 1830/2160/929 1767/2281/929
f 1761/2282/930 1827/2153/930 1829/2165/930 1765/2278/930
f 1767/2281/931 1830/2160/931 1832/2163/931 1771/2272/931
f 1759/2283/932 1826/2154/932 1828/2157/932 1763/2280/932
f 1757/2284/933 1825/2150/933 1827/2153/933 1761/2282/933
f 1753/2285/934 1823/2137/934 1825/2147/934 1757/2286/934
f 1751/2287/935 1822/2131/935 1824/2132/935 1755/2288/935
f 1749/2289/936 1821/2127/936 1823/2137/936 1753/2285/936
f 1755/2288/937 1824/2132/937 1826/2135/937 1759/2290/937
f 1747/2291/938 1820/2128/938 1822/2131/938 1751/2287/938
f 1745/2117/939 1819/2088/939 1821/2292/939 1749/2293/939
f 1739/2114/940 1815/2090/940 1820/2113/940 1747/2115/940
f 1734/2076/856 1813/2075/856 1817/2105/856 1742/2294/856
f 1738/2295/860 1816/2099/860 1818/2102/860 1744/2296/860
f 1744/2297/859 1818/2095/859 1817/2098/859 1741/2298/859
f 1716/2299/859 1807/2091/859 1816/2094/859 1738/2300/859
f 1728/2301/854 1810/2046/854 1815/2090/854 1739/2114/854
f 1735/2116/941 1814/2085/941 1819/2088/941 1745/2117/941
f 1733/2103/856 1813/2075/856 1814/2078/856 1735/2302/856
f 1811/2303/942 1730/2304/942 1855/2305/942 1854/2306/942
f 1850/2307/854 1853/2067/854 1812/2070/854 1731/2308/854
f 1730/2309/852 1811/2059/852 1812/2062/852 1732/2310/852
f 1727/2311/943 1809/2043/943 1810/2046/943 1728/2301/943
f 1724/2312/944 1808/2039/944 1845/2042/944 1800/2313/944
f 1722/2314/844 1808/2031/844 1805/2033/844 1713/2315/844
f 1713/2316/945 1805/2317/945 1806/2318/945 1718/2319/945
f 1725/2044/854 1809/2043/854 1853/2067/854 1850/2307/854
f 1718/2320/859 1806/2321/859 1852/2072/859 1848/2071/859
f 1806/2321/859 1712/2322/859 1851/2323/859 1852/2072/859
f 1809/2043/854 1727/2311/854 1849/2068/854 1853/2067/854
f 1712/2035/853 1725/2038/853 1850/2064/853 1851/2063/853
f 1727/2053/851 1718/2052/851 1848/2056/851 1849/2055/851
f 1859/2324/946 1857/2325/946 1863/2326/946 1865/2327/946
f 1858/2328/947 1859/2329/947 1865/2330/947 1864/2331/947
f 1851/2323/948 1729/2332/948 1857/2333/948 1859/2334/948
f 1729/2332/942 1811/2303/942 1854/2306/942 1857/2333/942
f 1852/2072/855 1851/2323/855 1859/2334/855 1858/2073/855
f 1730/2304/949 1848/2071/949 1856/2074/949 1855/2305/949
f 1864/2335/859 1865/2336/859 1863/2337/859 1860/2338/859
f 1862/2339/859 1864/2335/859 1860/2338/859 1861/2340/859
f 1857/2341/950 1854/2342/950 1860/2343/950 1863/2344/950
f 1854/2342/950 1855/2345/950 1861/2346/950 1860/2343/950
f 1856/2347/947 1858/2328/947 1864/2331/947 1862/2348/947
f 1855/2349/951 1856/2350/951 1862/2351/951 1861/2352/951
f 1948/2023/952 1949/2026/952 1866/2025/952 1872/2024/952
f 1874/2027/843 1717/2030/843 1714/2029/843 1875/2028/843
f 1951/2031/844 1948/2033/844 1872/2032/844 1875/2028/844
f 1869/2034/953 1868/2036/953 1872/2032/953 1866/2035/953
f 1866/2035/846 1876/2038/846 1877/2037/846 1869/2034/846
f 1951/2039/954 1986/2042/954 1944/2041/954 1873/2040/954
f 1868/2036/843 1874/2027/843 1875/2028/843 1872/2032/843
f 1952/2043/955 1953/2046/955 1877/2045/955 1876/2044/955
f 1888/2047/849 1743/2050/849 1742/2049/849 1885/2048/849
f 1871/2051/850 1879/2054/850 1878/2053/850 1870/2052/850
f 1989/2055/851 1883/2058/851 1881/2057/851 1988/2056/851
f 1954/2059/852 1955/2062/852 1882/2061/852 1880/2060/852
f 1991/2063/853 1880/2066/853 1882/2065/853 1990/2064/853
f 1993/2067/859 1955/2070/859 1883/2069/859 1989/2068/859
f 1988/2071/956 1996/2074/956 1998/2073/956 1992/2072/956
f 1956/2075/856 1957/2078/856 1887/2077/856 1885/2076/856
f 1888/2047/849 1885/2048/849 1887/2080/849 1890/2079/849
f 1891/2081/857 1886/2084/857 1884/2083/857 1889/2082/857
f 1957/2085/957 1960/2088/957 1893/2087/957 1887/2086/957
f 1953/2046/859 1958/2090/859 1891/2089/859 1877/2045/859
f 1877/2037/857 1891/2081/857 1889/2082/857 1869/2034/857
f 1871/2051/849 1888/2047/849 1890/2079/849 1879/2054/849
f 1950/2091/854 1959/2094/854 1888/2093/854 1871/2092/854
f 1959/2099/860 1818/2102/860 1743/2101/860 1888/2100/860
f 1956/2075/856 1817/2105/856 1741/2104/856 1884/2103/856
f 1884/2083/857 1741/2107/857 1744/2106/857 1889/2082/857
f 1893/2108/958 1897/2111/958 1898/2110/958 1894/2109/958
f 1958/2090/959 1961/2113/959 1895/2112/959 1891/2089/959
f 1887/2086/960 1893/2087/960 1894/2115/960 1890/2114/960
f 1891/2089/961 1895/2112/961 1892/2117/961 1886/2116/961
f 1899/2118/962 1903/2121/962 1900/2120/962 1896/2119/962
f 1895/2122/963 1899/2118/963 1896/2119/963 1892/2123/963
f 1960/2124/964 1962/2127/964 1897/2126/964 1893/2125/964
f 1961/2128/965 1963/2131/965 1899/2130/965 1895/2129/965
f 1965/2132/966 1967/2135/966 1907/2134/966 1903/2133/966
f 1962/2127/967 1964/2137/967 1901/2136/967 1897/2126/967
f 1963/2131/968 1965/2132/968 1903/2133/968 1899/2130/968
f 1897/2111/969 1901/2139/969 1902/2138/969 1898/2110/969
f 1907/2140/970 1911/2143/970 1908/2142/970 1904/2141/970
f 1901/2139/971 1905/2145/971 1906/2144/971 1902/2138/971
f 1903/2121/972 1907/2140/972 1904/2141/972 1900/2120/972
f 1964/2137/973 1966/2147/973 1905/2146/973 1901/2136/973
f 1911/2143/974 1915/2149/974 1912/2148/974 1908/2142/974
f 1966/2150/975 1968/2153/975 1909/2152/975 1905/2151/975
f 1967/2154/976 1969/2157/976 1911/2156/976 1907/2155/976
f 1905/2145/977 1909/2159/977 1910/2158/977 1906/2144/977
f 1971/2160/978 1973/2163/978 1919/2162/978 1915/2161/978
f 1968/2153/979 1970/2165/979 1913/2164/979 1909/2152/979
f 1969/2157/980 1971/2160/980 1915/2161/980 1911/2156/980
f 1909/2159/981 1913/2167/981 1914/2166/981 1910/2158/981
f 1919/2168/982 1923/2171/982 1920/2170/982 1916/2169/982
f 1913/2167/983 1917/2173/983 1918/2172/983 1914/2166/983
f 1915/2149/984 1919/2168/984 1916/2169/984 1912/2148/984
f 1970/2165/985 1972/2175/985 1917/2174/985 1913/2164/985
f 1974/2176/986 1976/2179/986 1925/2178/986 1921/2177/986
f 1972/2175/987 1974/2181/987 1921/2180/987 1917/2174/987
f 1973/2182/988 1975/2185/988 1923/2184/988 1919/2183/988
f 1917/2173/989 1921/2187/989 1922/2186/989 1918/2172/989
f 1977/2188/990 1979/2191/990 1931/2190/990 1927/2189/990
f 1975/2185/991 1977/2188/991 1927/2189/991 1923/2184/991
f 1921/2187/992 1925/2193/992 1926/2192/992 1922/2186/992
f 1923/2171/993 1927/2195/993 1924/2194/993 1920/2170/993
f 1931/2196/897 1935/2196/897 1932/2196/897 1928/2196/897
f 1925/2193/994 1929/2198/994 1930/2197/994 1926/2192/994
f 1927/2195/995 1931/2200/995 1928/2199/995 1924/2194/995
f 1976/2179/996 1978/2202/996 1929/2201/996 1925/2178/996
f 1981/2203/997 1983/2206/997 1939/2205/997 1935/2204/997
f 1978/2196/897 1980/2196/897 1933/2196/897 1929/2196/897
f 1979/2196/897 1981/2196/897 1935/2196/897 1931/2196/897
f 1929/2196/897 1933/2196/897 1934/2196/897 1930/2196/897
f 1937/2207/998 1941/2210/998 1942/2209/998 1938/2208/998
f 1933/2211/999 1937/2214/999 1938/2213/999 1934/2212/999
f 1935/2215/1000 1939/2218/1000 1936/2217/1000 1932/2216/1000
f 1980/2219/1001 1982/2222/1001 1937/2221/1001 1933/2220/1001
f 1985/2223/1002 1984/2226/1002 1940/2225/1002 1943/2224/1002
f 1939/2227/1003 1943/2230/1003 1940/2229/1003 1936/2228/1003
f 1982/2222/1004 1984/2232/1004 1941/2231/1004 1937/2221/1004
f 1983/2206/1005 1985/2234/1005 1943/2233/1005 1939/2205/1005
f 1986/2235/1006 1987/2238/1006 1946/2237/1006 1944/2236/1006
f 1873/2040/911 1944/2041/911 1798/2240/911 1719/2239/911
f 1714/2241/912 1797/2244/912 1945/2243/912 1875/2242/912
f 1846/2245/1007 1987/2248/1007 1947/2247/1007 1801/2246/1007
f 1944/2249/1008 1946/2252/1008 1802/2251/1008 1798/2250/1008
f 1797/2244/1009 1801/2254/1009 1947/2253/1009 1945/2243/1009
f 1802/2255/1010 1946/2256/1010 1987/2248/1010 1846/2245/1010
f 1945/2257/1011 1947/2258/1011 1987/2238/1011 1986/2235/1011
f 1938/2259/1012 1942/2260/1012 1985/2234/1012 1983/2206/1012
f 1936/2261/1013 1940/2262/1013 1984/2232/1013 1982/2222/1013
f 1942/2263/1002 1941/2264/1002 1984/2226/1002 1985/2223/1002
f 1932/2265/1014 1936/2261/1014 1982/2222/1014 1980/2219/1014
f 1930/2196/897 1934/2196/897 1981/2196/897 1979/2196/897
f 1928/2196/897 1932/2196/897 1980/2196/897 1978/2196/897
f 1934/2266/1015 1938/2259/1015 1983/2206/1015 1981/2203/1015
f 1924/2267/1016 1928/2268/1016 1978/2202/1016 1976/2179/1016
f 1922/2269/1017 1926/2270/1017 1977/2188/1017 1975/2185/1017
f 1926/2270/1018 1930/2271/1018 1979/2191/1018 1977/2188/1018
f 1918/2272/1019 1922/2274/1019 1975/2273/1019 1973/2163/1019
f 1916/2275/1020 1920/2277/1020 1974/2176/1020 1972/2276/1020
f 1920/2277/1021 1924/2267/1021 1976/2179/1021 1974/2176/1021
f 1912/2278/1022 1916/2279/1022 1972/2175/1022 1970/2165/1022
f 1910/2280/1023 1914/2281/1023 1971/2160/1023 1969/2157/1023
f 1908/2282/1024 1912/2278/1024 1970/2165/1024 1968/2153/1024
f 1914/2281/1025 1918/2272/1025 1973/2163/1025 1971/2160/1025
f 1906/2283/1026 1910/2280/1026 1969/2157/1026 1967/2154/1026
f 1904/2284/1027 1908/2282/1027 1968/2153/1027 1966/2150/1027
f 1900/2285/1028 1904/2286/1028 1966/2147/1028 1964/2137/1028
f 1898/2287/1029 1902/2288/1029 1965/2132/1029 1963/2131/1029
f 1896/2289/1030 1900/2285/1030 1964/2137/1030 1962/2127/1030
f 1902/2288/1031 1906/2290/1031 1967/2135/1031 1965/2132/1031
f 1894/2291/1032 1898/2287/1032 1963/2131/1032 1961/2128/1032
f 1892/2117/1033 1896/2293/1033 1962/2292/1033 1960/2088/1033
f 1890/2114/1034 1894/2115/1034 1961/2113/1034 1958/2090/1034
f 1885/2076/856 1742/2294/856 1817/2105/856 1956/2075/856
f 1889/2295/860 1744/2296/860 1818/2102/860 1959/2099/860
f 1869/2299/854 1889/2300/854 1959/2094/854 1950/2091/854
f 1879/2301/859 1890/2114/859 1958/2090/859 1953/2046/859
f 1886/2116/1035 1892/2117/1035 1960/2088/1035 1957/2085/1035
f 1884/2103/856 1886/2302/856 1957/2078/856 1956/2075/856
f 1954/2303/1036 1994/2306/1036 1995/2305/1036 1881/2304/1036
f 1990/2307/859 1882/2308/859 1955/2070/859 1993/2067/859
f 1881/2309/852 1883/2310/852 1955/2062/852 1954/2059/852
f 1878/2311/1037 1879/2301/1037 1953/2046/1037 1952/2043/1037
f 1875/2312/1038 1945/2313/1038 1986/2042/1038 1951/2039/1038
f 1873/2314/844 1867/2315/844 1948/2033/844 1951/2031/844
f 1867/2316/1039 1870/2319/1039 1949/2318/1039 1948/2317/1039
f 1876/2044/859 1990/2307/859 1993/2067/859 1952/2043/859
f 1870/2320/854 1988/2071/854 1992/2072/854 1949/2321/854
f 1949/2321/854 1992/2072/854 1991/2323/854 1866/2322/854
f 1952/2043/859 1993/2067/859 1989/2068/859 1878/2311/859
f 1866/2035/853 1991/2063/853 1990/2064/853 1876/2038/853
f 1878/2053/851 1989/2055/851 1988/2056/851 1870/2052/851
f 1999/2324/1040 1865/2327/1040 1863/2326/1040 1997/2325/1040
f 1998/2328/1041 1864/2331/1041 1865/2330/1041 1999/2329/1041
f 1991/2323/1042 1999/2334/1042 1997/2333/1042 1880/2332/1042
f 1880/2332/1036 1997/2333/1036 1994/2306/1036 1954/2303/1036
f 1992/2072/956 1998/2073/956 1999/2334/956 1991/2323/956
f 1881/2304/1043 1995/2305/1043 1996/2074/1043 1988/2071/1043
f 1997/2341/1044 1863/2344/1044 1860/2343/1044 1994/2342/1044
f 1994/2342/1044 1860/2343/1044 1861/2346/1044 1995/2345/1044
f 1996/2347/1041 1862/2348/1041 1864/2331/1041 1998/2328/1041
f 1995/2349/1045 1861/2352/1045 1862/2351/1045 1996/2350/1045
